/home/workspace/data/IMG/center_2019_06_22_16_03_35_811.jpg,/home/workspace/data/IMG/left_2019_06_22_16_03_35_811.jpg,/home/workspace/data/IMG/right_2019_06_22_16_03_35_811.jpg,0,0,0,2.913772
/home/workspace/data/IMG/center_2019_06_22_16_03_35_912.jpg,/home/workspace/data/IMG/left_2019_06_22_16_03_35_912.jpg,/home/workspace/data/IMG/right_2019_06_22_16_03_35_912.jpg,0,0,0,2.883582
/home/workspace/data/IMG/center_2019_06_22_16_03_36_007.jpg,/home/workspace/data/IMG/left_2019_06_22_16_03_36_007.jpg,/home/workspace/data/IMG/right_2019_06_22_16_03_36_007.jpg,0,0,0,2.853695
/home/workspace/data/IMG/center_2019_06_22_16_03_36_102.jpg,/home/workspace/data/IMG/left_2019_06_22_16_03_36_102.jpg,/home/workspace/data/IMG/right_2019_06_22_16_03_36_102.jpg,0,0,0,2.82411
/home/workspace/data/IMG/center_2019_06_22_16_03_36_194.jpg,/home/workspace/data/IMG/left_2019_06_22_16_03_36_194.jpg,/home/workspace/data/IMG/right_2019_06_22_16_03_36_194.jpg,0,0,0,2.800657
/home/workspace/data/IMG/center_2019_06_22_16_03_36_289.jpg,/home/workspace/data/IMG/left_2019_06_22_16_03_36_289.jpg,/home/workspace/data/IMG/right_2019_06_22_16_03_36_289.jpg,0,0,0,2.771605
/home/workspace/data/IMG/center_2019_06_22_16_03_36_366.jpg,/home/workspace/data/IMG/left_2019_06_22_16_03_36_366.jpg,/home/workspace/data/IMG/right_2019_06_22_16_03_36_366.jpg,0,0,0,2.748482
/home/workspace/data/IMG/center_2019_06_22_16_03_36_437.jpg,/home/workspace/data/IMG/left_2019_06_22_16_03_36_437.jpg,/home/workspace/data/IMG/right_2019_06_22_16_03_36_437.jpg,0,0,0,2.731193
/home/workspace/data/IMG/center_2019_06_22_16_03_36_508.jpg,/home/workspace/data/IMG/left_2019_06_22_16_03_36_508.jpg,/home/workspace/data/IMG/right_2019_06_22_16_03_36_508.jpg,0,0,0,2.708303
/home/workspace/data/IMG/center_2019_06_22_16_03_36_603.jpg,/home/workspace/data/IMG/left_2019_06_22_16_03_36_603.jpg,/home/workspace/data/IMG/right_2019_06_22_16_03_36_603.jpg,0,0,0,2.679947
/home/workspace/data/IMG/center_2019_06_22_16_03_36_702.jpg,/home/workspace/data/IMG/left_2019_06_22_16_03_36_702.jpg,/home/workspace/data/IMG/right_2019_06_22_16_03_36_702.jpg,0,0,0,2.651877
/home/workspace/data/IMG/center_2019_06_22_16_03_36_771.jpg,/home/workspace/data/IMG/left_2019_06_22_16_03_36_771.jpg,/home/workspace/data/IMG/right_2019_06_22_16_03_36_771.jpg,0,0,0,2.63517
/home/workspace/data/IMG/center_2019_06_22_16_03_36_839.jpg,/home/workspace/data/IMG/left_2019_06_22_16_03_36_839.jpg,/home/workspace/data/IMG/right_2019_06_22_16_03_36_839.jpg,0,0.2039852,0,2.723993
/home/workspace/data/IMG/center_2019_06_22_16_03_36_937.jpg,/home/workspace/data/IMG/left_2019_06_22_16_03_36_937.jpg,/home/workspace/data/IMG/right_2019_06_22_16_03_36_937.jpg,0,0.4971449,0,3.168373
/home/workspace/data/IMG/center_2019_06_22_16_03_37_004.jpg,/home/workspace/data/IMG/left_2019_06_22_16_03_37_004.jpg,/home/workspace/data/IMG/right_2019_06_22_16_03_37_004.jpg,0,0.7004492,0,3.759991
/home/workspace/data/IMG/center_2019_06_22_16_03_37_099.jpg,/home/workspace/data/IMG/left_2019_06_22_16_03_37_099.jpg,/home/workspace/data/IMG/right_2019_06_22_16_03_37_099.jpg,0,0.9847469,0,4.576646
/home/workspace/data/IMG/center_2019_06_22_16_03_37_199.jpg,/home/workspace/data/IMG/left_2019_06_22_16_03_37_199.jpg,/home/workspace/data/IMG/right_2019_06_22_16_03_37_199.jpg,0,1,0,5.734767
/home/workspace/data/IMG/center_2019_06_22_16_03_37_290.jpg,/home/workspace/data/IMG/left_2019_06_22_16_03_37_290.jpg,/home/workspace/data/IMG/right_2019_06_22_16_03_37_290.jpg,0,1,0,6.882554
/home/workspace/data/IMG/center_2019_06_22_16_03_37_386.jpg,/home/workspace/data/IMG/left_2019_06_22_16_03_37_386.jpg,/home/workspace/data/IMG/right_2019_06_22_16_03_37_386.jpg,0,1,0,8.019197
/home/workspace/data/IMG/center_2019_06_22_16_03_37_459.jpg,/home/workspace/data/IMG/left_2019_06_22_16_03_37_459.jpg,/home/workspace/data/IMG/right_2019_06_22_16_03_37_459.jpg,0,1,0,8.695873
/home/workspace/data/IMG/center_2019_06_22_16_03_37_528.jpg,/home/workspace/data/IMG/left_2019_06_22_16_03_37_528.jpg,/home/workspace/data/IMG/right_2019_06_22_16_03_37_528.jpg,0,1,0,9.591942
/home/workspace/data/IMG/center_2019_06_22_16_03_37_626.jpg,/home/workspace/data/IMG/left_2019_06_22_16_03_37_626.jpg,/home/workspace/data/IMG/right_2019_06_22_16_03_37_626.jpg,0,1,0,10.7021
/home/workspace/data/IMG/center_2019_06_22_16_03_37_727.jpg,/home/workspace/data/IMG/left_2019_06_22_16_03_37_727.jpg,/home/workspace/data/IMG/right_2019_06_22_16_03_37_727.jpg,0,0.6987128,0,11.37255
/home/workspace/data/IMG/center_2019_06_22_16_03_37_797.jpg,/home/workspace/data/IMG/left_2019_06_22_16_03_37_797.jpg,/home/workspace/data/IMG/right_2019_06_22_16_03_37_797.jpg,0,0.4882002,0,11.8774
/home/workspace/data/IMG/center_2019_06_22_16_03_37_874.jpg,/home/workspace/data/IMG/left_2019_06_22_16_03_37_874.jpg,/home/workspace/data/IMG/right_2019_06_22_16_03_37_874.jpg,0,0.2706494,0,12.17053
/home/workspace/data/IMG/center_2019_06_22_16_03_37_946.jpg,/home/workspace/data/IMG/left_2019_06_22_16_03_37_946.jpg,/home/workspace/data/IMG/right_2019_06_22_16_03_37_946.jpg,0,0.05485606,0,12.08502
/home/workspace/data/IMG/center_2019_06_22_16_03_38_013.jpg,/home/workspace/data/IMG/left_2019_06_22_16_03_38_013.jpg,/home/workspace/data/IMG/right_2019_06_22_16_03_38_013.jpg,0,0,0,12.10217
/home/workspace/data/IMG/center_2019_06_22_16_03_38_112.jpg,/home/workspace/data/IMG/left_2019_06_22_16_03_38_112.jpg,/home/workspace/data/IMG/right_2019_06_22_16_03_38_112.jpg,0,0,0,11.92996
/home/workspace/data/IMG/center_2019_06_22_16_03_38_180.jpg,/home/workspace/data/IMG/left_2019_06_22_16_03_38_180.jpg,/home/workspace/data/IMG/right_2019_06_22_16_03_38_180.jpg,0,0,0,11.86835
/home/workspace/data/IMG/center_2019_06_22_16_03_38_248.jpg,/home/workspace/data/IMG/left_2019_06_22_16_03_38_248.jpg,/home/workspace/data/IMG/right_2019_06_22_16_03_38_248.jpg,0,0,0,11.77705
/home/workspace/data/IMG/center_2019_06_22_16_03_38_317.jpg,/home/workspace/data/IMG/left_2019_06_22_16_03_38_317.jpg,/home/workspace/data/IMG/right_2019_06_22_16_03_38_317.jpg,0,0,0,11.72053
/home/workspace/data/IMG/center_2019_06_22_16_03_38_417.jpg,/home/workspace/data/IMG/left_2019_06_22_16_03_38_417.jpg,/home/workspace/data/IMG/right_2019_06_22_16_03_38_417.jpg,0,0,0,11.60106
/home/workspace/data/IMG/center_2019_06_22_16_03_38_486.jpg,/home/workspace/data/IMG/left_2019_06_22_16_03_38_486.jpg,/home/workspace/data/IMG/right_2019_06_22_16_03_38_486.jpg,-0.2,0,0,11.48832
/home/workspace/data/IMG/center_2019_06_22_16_03_38_553.jpg,/home/workspace/data/IMG/left_2019_06_22_16_03_38_553.jpg,/home/workspace/data/IMG/right_2019_06_22_16_03_38_553.jpg,-0.35,0,0,11.31004
/home/workspace/data/IMG/center_2019_06_22_16_03_38_654.jpg,/home/workspace/data/IMG/left_2019_06_22_16_03_38_654.jpg,/home/workspace/data/IMG/right_2019_06_22_16_03_38_654.jpg,-0.6000001,0,0,11.19552
/home/workspace/data/IMG/center_2019_06_22_16_03_38_744.jpg,/home/workspace/data/IMG/left_2019_06_22_16_03_38_744.jpg,/home/workspace/data/IMG/right_2019_06_22_16_03_38_744.jpg,-0.8500001,0,0,10.95986
/home/workspace/data/IMG/center_2019_06_22_16_03_38_842.jpg,/home/workspace/data/IMG/left_2019_06_22_16_03_38_842.jpg,/home/workspace/data/IMG/right_2019_06_22_16_03_38_842.jpg,-1,0,0,10.70616
/home/workspace/data/IMG/center_2019_06_22_16_03_38_937.jpg,/home/workspace/data/IMG/left_2019_06_22_16_03_38_937.jpg,/home/workspace/data/IMG/right_2019_06_22_16_03_38_937.jpg,-1,0,0,10.57029
/home/workspace/data/IMG/center_2019_06_22_16_03_39_029.jpg,/home/workspace/data/IMG/left_2019_06_22_16_03_39_029.jpg,/home/workspace/data/IMG/right_2019_06_22_16_03_39_029.jpg,-0.8146837,0,0,10.47078
/home/workspace/data/IMG/center_2019_06_22_16_03_39_118.jpg,/home/workspace/data/IMG/left_2019_06_22_16_03_39_118.jpg,/home/workspace/data/IMG/right_2019_06_22_16_03_39_118.jpg,-0.5493009,0,0,10.42398
/home/workspace/data/IMG/center_2019_06_22_16_03_39_209.jpg,/home/workspace/data/IMG/left_2019_06_22_16_03_39_209.jpg,/home/workspace/data/IMG/right_2019_06_22_16_03_39_209.jpg,-0.2759795,0,0,10.34045
/home/workspace/data/IMG/center_2019_06_22_16_03_39_301.jpg,/home/workspace/data/IMG/left_2019_06_22_16_03_39_301.jpg,/home/workspace/data/IMG/right_2019_06_22_16_03_39_301.jpg,-0.0008049011,0,0,10.24404
/home/workspace/data/IMG/center_2019_06_22_16_03_39_397.jpg,/home/workspace/data/IMG/left_2019_06_22_16_03_39_397.jpg,/home/workspace/data/IMG/right_2019_06_22_16_03_39_397.jpg,0.1,0,0,10.12827
/home/workspace/data/IMG/center_2019_06_22_16_03_39_493.jpg,/home/workspace/data/IMG/left_2019_06_22_16_03_39_493.jpg,/home/workspace/data/IMG/right_2019_06_22_16_03_39_493.jpg,0.35,0,0,9.981389
/home/workspace/data/IMG/center_2019_06_22_16_03_39_581.jpg,/home/workspace/data/IMG/left_2019_06_22_16_03_39_581.jpg,/home/workspace/data/IMG/right_2019_06_22_16_03_39_581.jpg,0.5500001,0,0,9.838373
/home/workspace/data/IMG/center_2019_06_22_16_03_39_677.jpg,/home/workspace/data/IMG/left_2019_06_22_16_03_39_677.jpg,/home/workspace/data/IMG/right_2019_06_22_16_03_39_677.jpg,0.8000001,0,0,9.629781
/home/workspace/data/IMG/center_2019_06_22_16_03_39_774.jpg,/home/workspace/data/IMG/left_2019_06_22_16_03_39_774.jpg,/home/workspace/data/IMG/right_2019_06_22_16_03_39_774.jpg,1,0,0,9.393845
/home/workspace/data/IMG/center_2019_06_22_16_03_39_842.jpg,/home/workspace/data/IMG/left_2019_06_22_16_03_39_842.jpg,/home/workspace/data/IMG/right_2019_06_22_16_03_39_842.jpg,1,0,0,9.261584
/home/workspace/data/IMG/center_2019_06_22_16_03_39_934.jpg,/home/workspace/data/IMG/left_2019_06_22_16_03_39_934.jpg,/home/workspace/data/IMG/right_2019_06_22_16_03_39_934.jpg,1,0,0,9.156286
/home/workspace/data/IMG/center_2019_06_22_16_03_40_022.jpg,/home/workspace/data/IMG/left_2019_06_22_16_03_40_022.jpg,/home/workspace/data/IMG/right_2019_06_22_16_03_40_022.jpg,0.7368073,0,0,9.093791
/home/workspace/data/IMG/center_2019_06_22_16_03_40_109.jpg,/home/workspace/data/IMG/left_2019_06_22_16_03_40_109.jpg,/home/workspace/data/IMG/right_2019_06_22_16_03_40_109.jpg,0.474694,0,0,9.048947
/home/workspace/data/IMG/center_2019_06_22_16_03_40_197.jpg,/home/workspace/data/IMG/left_2019_06_22_16_03_40_197.jpg,/home/workspace/data/IMG/right_2019_06_22_16_03_40_197.jpg,0.2105472,0,0,8.984011
/home/workspace/data/IMG/center_2019_06_22_16_03_40_285.jpg,/home/workspace/data/IMG/left_2019_06_22_16_03_40_285.jpg,/home/workspace/data/IMG/right_2019_06_22_16_03_40_285.jpg,0,0,0,8.877933
/home/workspace/data/IMG/center_2019_06_22_16_03_40_377.jpg,/home/workspace/data/IMG/left_2019_06_22_16_03_40_377.jpg,/home/workspace/data/IMG/right_2019_06_22_16_03_40_377.jpg,0,0,0,8.804282
/home/workspace/data/IMG/center_2019_06_22_16_03_40_464.jpg,/home/workspace/data/IMG/left_2019_06_22_16_03_40_464.jpg,/home/workspace/data/IMG/right_2019_06_22_16_03_40_464.jpg,0,0,0,8.715687
/home/workspace/data/IMG/center_2019_06_22_16_03_40_553.jpg,/home/workspace/data/IMG/left_2019_06_22_16_03_40_553.jpg,/home/workspace/data/IMG/right_2019_06_22_16_03_40_553.jpg,0,0,0,8.645621
/home/workspace/data/IMG/center_2019_06_22_16_03_40_642.jpg,/home/workspace/data/IMG/left_2019_06_22_16_03_40_642.jpg,/home/workspace/data/IMG/right_2019_06_22_16_03_40_642.jpg,-0.25,0,0,8.54192
/home/workspace/data/IMG/center_2019_06_22_16_03_40_731.jpg,/home/workspace/data/IMG/left_2019_06_22_16_03_40_731.jpg,/home/workspace/data/IMG/right_2019_06_22_16_03_40_731.jpg,-0.45,0,0,8.433038
/home/workspace/data/IMG/center_2019_06_22_16_03_40_818.jpg,/home/workspace/data/IMG/left_2019_06_22_16_03_40_818.jpg,/home/workspace/data/IMG/right_2019_06_22_16_03_40_818.jpg,-0.4313586,0,0,8.333426
/home/workspace/data/IMG/center_2019_06_22_16_03_40_906.jpg,/home/workspace/data/IMG/left_2019_06_22_16_03_40_906.jpg,/home/workspace/data/IMG/right_2019_06_22_16_03_40_906.jpg,-0.1692696,0,0,8.257325
/home/workspace/data/IMG/center_2019_06_22_16_03_40_990.jpg,/home/workspace/data/IMG/left_2019_06_22_16_03_40_990.jpg,/home/workspace/data/IMG/right_2019_06_22_16_03_40_990.jpg,0,0,0,8.180897
/home/workspace/data/IMG/center_2019_06_22_16_03_41_075.jpg,/home/workspace/data/IMG/left_2019_06_22_16_03_41_075.jpg,/home/workspace/data/IMG/right_2019_06_22_16_03_41_075.jpg,0,0,0,8.113855
/home/workspace/data/IMG/center_2019_06_22_16_03_41_157.jpg,/home/workspace/data/IMG/left_2019_06_22_16_03_41_157.jpg,/home/workspace/data/IMG/right_2019_06_22_16_03_41_157.jpg,0,0,0,8.048528
/home/workspace/data/IMG/center_2019_06_22_16_03_41_243.jpg,/home/workspace/data/IMG/left_2019_06_22_16_03_41_243.jpg,/home/workspace/data/IMG/right_2019_06_22_16_03_41_243.jpg,0,0.1691072,0,8.05806
/home/workspace/data/IMG/center_2019_06_22_16_03_41_326.jpg,/home/workspace/data/IMG/left_2019_06_22_16_03_41_326.jpg,/home/workspace/data/IMG/right_2019_06_22_16_03_41_326.jpg,0,0.4170871,0,8.322141
/home/workspace/data/IMG/center_2019_06_22_16_03_41_411.jpg,/home/workspace/data/IMG/left_2019_06_22_16_03_41_411.jpg,/home/workspace/data/IMG/right_2019_06_22_16_03_41_411.jpg,0,0.6711752,0,8.806034
/home/workspace/data/IMG/center_2019_06_22_16_03_41_492.jpg,/home/workspace/data/IMG/left_2019_06_22_16_03_41_492.jpg,/home/workspace/data/IMG/right_2019_06_22_16_03_41_492.jpg,0,0.9150209,0,9.524569
/home/workspace/data/IMG/center_2019_06_22_16_03_41_577.jpg,/home/workspace/data/IMG/left_2019_06_22_16_03_41_577.jpg,/home/workspace/data/IMG/right_2019_06_22_16_03_41_577.jpg,0,1,0,10.40798
/home/workspace/data/IMG/center_2019_06_22_16_03_41_662.jpg,/home/workspace/data/IMG/left_2019_06_22_16_03_41_662.jpg,/home/workspace/data/IMG/right_2019_06_22_16_03_41_662.jpg,0,1,0,11.61026
/home/workspace/data/IMG/center_2019_06_22_16_03_41_747.jpg,/home/workspace/data/IMG/left_2019_06_22_16_03_41_747.jpg,/home/workspace/data/IMG/right_2019_06_22_16_03_41_747.jpg,0,1,0,12.42774
/home/workspace/data/IMG/center_2019_06_22_16_03_41_829.jpg,/home/workspace/data/IMG/left_2019_06_22_16_03_41_829.jpg,/home/workspace/data/IMG/right_2019_06_22_16_03_41_829.jpg,0,1,0,13.12607
/home/workspace/data/IMG/center_2019_06_22_16_03_41_917.jpg,/home/workspace/data/IMG/left_2019_06_22_16_03_41_917.jpg,/home/workspace/data/IMG/right_2019_06_22_16_03_41_917.jpg,0,1,0,14.25443
/home/workspace/data/IMG/center_2019_06_22_16_03_41_998.jpg,/home/workspace/data/IMG/left_2019_06_22_16_03_41_998.jpg,/home/workspace/data/IMG/right_2019_06_22_16_03_41_998.jpg,0,1,0,15.0795
/home/workspace/data/IMG/center_2019_06_22_16_03_42_086.jpg,/home/workspace/data/IMG/left_2019_06_22_16_03_42_086.jpg,/home/workspace/data/IMG/right_2019_06_22_16_03_42_086.jpg,0,1,0,15.90369
/home/workspace/data/IMG/center_2019_06_22_16_03_42_173.jpg,/home/workspace/data/IMG/left_2019_06_22_16_03_42_173.jpg,/home/workspace/data/IMG/right_2019_06_22_16_03_42_173.jpg,0,0.9150162,0,16.74827
/home/workspace/data/IMG/center_2019_06_22_16_03_42_260.jpg,/home/workspace/data/IMG/left_2019_06_22_16_03_42_260.jpg,/home/workspace/data/IMG/right_2019_06_22_16_03_42_260.jpg,0,0.652051,0,17.3471
/home/workspace/data/IMG/center_2019_06_22_16_03_42_349.jpg,/home/workspace/data/IMG/left_2019_06_22_16_03_42_349.jpg,/home/workspace/data/IMG/right_2019_06_22_16_03_42_349.jpg,0,0.3871059,0,18.08342
/home/workspace/data/IMG/center_2019_06_22_16_03_42_443.jpg,/home/workspace/data/IMG/left_2019_06_22_16_03_42_443.jpg,/home/workspace/data/IMG/right_2019_06_22_16_03_42_443.jpg,0,0.104512,0,17.73134
/home/workspace/data/IMG/center_2019_06_22_16_03_42_532.jpg,/home/workspace/data/IMG/left_2019_06_22_16_03_42_532.jpg,/home/workspace/data/IMG/right_2019_06_22_16_03_42_532.jpg,0,0,0,17.57429
/home/workspace/data/IMG/center_2019_06_22_16_03_42_628.jpg,/home/workspace/data/IMG/left_2019_06_22_16_03_42_628.jpg,/home/workspace/data/IMG/right_2019_06_22_16_03_42_628.jpg,0,0,0,17.91211
/home/workspace/data/IMG/center_2019_06_22_16_03_42_723.jpg,/home/workspace/data/IMG/left_2019_06_22_16_03_42_723.jpg,/home/workspace/data/IMG/right_2019_06_22_16_03_42_723.jpg,0,0,0,17.20818
/home/workspace/data/IMG/center_2019_06_22_16_03_42_815.jpg,/home/workspace/data/IMG/left_2019_06_22_16_03_42_815.jpg,/home/workspace/data/IMG/right_2019_06_22_16_03_42_815.jpg,0,0,0,17.06452
/home/workspace/data/IMG/center_2019_06_22_16_03_42_899.jpg,/home/workspace/data/IMG/left_2019_06_22_16_03_42_899.jpg,/home/workspace/data/IMG/right_2019_06_22_16_03_42_899.jpg,0,0,0,16.92228
/home/workspace/data/IMG/center_2019_06_22_16_03_42_987.jpg,/home/workspace/data/IMG/left_2019_06_22_16_03_42_987.jpg,/home/workspace/data/IMG/right_2019_06_22_16_03_42_987.jpg,0,0,0,17.28437
/home/workspace/data/IMG/center_2019_06_22_16_03_43_070.jpg,/home/workspace/data/IMG/left_2019_06_22_16_03_43_070.jpg,/home/workspace/data/IMG/right_2019_06_22_16_03_43_070.jpg,0,0,0,17.1479
/home/workspace/data/IMG/center_2019_06_22_16_03_43_152.jpg,/home/workspace/data/IMG/left_2019_06_22_16_03_43_152.jpg,/home/workspace/data/IMG/right_2019_06_22_16_03_43_152.jpg,0,0,0,17.01247
/home/workspace/data/IMG/center_2019_06_22_16_03_43_231.jpg,/home/workspace/data/IMG/left_2019_06_22_16_03_43_231.jpg,/home/workspace/data/IMG/right_2019_06_22_16_03_43_231.jpg,-0.2,0,0,16.8553
/home/workspace/data/IMG/center_2019_06_22_16_03_43_313.jpg,/home/workspace/data/IMG/left_2019_06_22_16_03_43_313.jpg,/home/workspace/data/IMG/right_2019_06_22_16_03_43_313.jpg,-0.4,0,0,16.65041
/home/workspace/data/IMG/center_2019_06_22_16_03_43_397.jpg,/home/workspace/data/IMG/left_2019_06_22_16_03_43_397.jpg,/home/workspace/data/IMG/right_2019_06_22_16_03_43_397.jpg,-0.2395134,0,0,16.52355
/home/workspace/data/IMG/center_2019_06_22_16_03_43_479.jpg,/home/workspace/data/IMG/left_2019_06_22_16_03_43_479.jpg,/home/workspace/data/IMG/right_2019_06_22_16_03_43_479.jpg,0,0,0,16.38012
/home/workspace/data/IMG/center_2019_06_22_16_03_43_559.jpg,/home/workspace/data/IMG/left_2019_06_22_16_03_43_559.jpg,/home/workspace/data/IMG/right_2019_06_22_16_03_43_559.jpg,0,0,0,16.25779
/home/workspace/data/IMG/center_2019_06_22_16_03_43_644.jpg,/home/workspace/data/IMG/left_2019_06_22_16_03_43_644.jpg,/home/workspace/data/IMG/right_2019_06_22_16_03_43_644.jpg,0,0,0,16.13057
/home/workspace/data/IMG/center_2019_06_22_16_03_43_724.jpg,/home/workspace/data/IMG/left_2019_06_22_16_03_43_724.jpg,/home/workspace/data/IMG/right_2019_06_22_16_03_43_724.jpg,0,0,0,15.4364
/home/workspace/data/IMG/center_2019_06_22_16_03_43_807.jpg,/home/workspace/data/IMG/left_2019_06_22_16_03_43_807.jpg,/home/workspace/data/IMG/right_2019_06_22_16_03_43_807.jpg,0,0,0,15.3204
/home/workspace/data/IMG/center_2019_06_22_16_03_43_886.jpg,/home/workspace/data/IMG/left_2019_06_22_16_03_43_886.jpg,/home/workspace/data/IMG/right_2019_06_22_16_03_43_886.jpg,0,0,0,15.20718
/home/workspace/data/IMG/center_2019_06_22_16_03_43_967.jpg,/home/workspace/data/IMG/left_2019_06_22_16_03_43_967.jpg,/home/workspace/data/IMG/right_2019_06_22_16_03_43_967.jpg,0,0,0,15.08646
/home/workspace/data/IMG/center_2019_06_22_16_03_44_049.jpg,/home/workspace/data/IMG/left_2019_06_22_16_03_44_049.jpg,/home/workspace/data/IMG/right_2019_06_22_16_03_44_049.jpg,0,0,0,14.96573
/home/workspace/data/IMG/center_2019_06_22_16_03_44_132.jpg,/home/workspace/data/IMG/left_2019_06_22_16_03_44_132.jpg,/home/workspace/data/IMG/right_2019_06_22_16_03_44_132.jpg,0,0,0,14.84563
/home/workspace/data/IMG/center_2019_06_22_16_03_44_210.jpg,/home/workspace/data/IMG/left_2019_06_22_16_03_44_210.jpg,/home/workspace/data/IMG/right_2019_06_22_16_03_44_210.jpg,0,0,0,14.72649
/home/workspace/data/IMG/center_2019_06_22_16_03_44_292.jpg,/home/workspace/data/IMG/left_2019_06_22_16_03_44_292.jpg,/home/workspace/data/IMG/right_2019_06_22_16_03_44_292.jpg,0,0,0,14.60829
/home/workspace/data/IMG/center_2019_06_22_16_03_44_374.jpg,/home/workspace/data/IMG/left_2019_06_22_16_03_44_374.jpg,/home/workspace/data/IMG/right_2019_06_22_16_03_44_374.jpg,0,0,0,14.49067
/home/workspace/data/IMG/center_2019_06_22_16_03_44_457.jpg,/home/workspace/data/IMG/left_2019_06_22_16_03_44_457.jpg,/home/workspace/data/IMG/right_2019_06_22_16_03_44_457.jpg,0,0,0,14.37412
/home/workspace/data/IMG/center_2019_06_22_16_03_44_536.jpg,/home/workspace/data/IMG/left_2019_06_22_16_03_44_536.jpg,/home/workspace/data/IMG/right_2019_06_22_16_03_44_536.jpg,0,0,0,14.25852
/home/workspace/data/IMG/center_2019_06_22_16_03_44_616.jpg,/home/workspace/data/IMG/left_2019_06_22_16_03_44_616.jpg,/home/workspace/data/IMG/right_2019_06_22_16_03_44_616.jpg,0,0,0,14.14414
/home/workspace/data/IMG/center_2019_06_22_16_03_44_697.jpg,/home/workspace/data/IMG/left_2019_06_22_16_03_44_697.jpg,/home/workspace/data/IMG/right_2019_06_22_16_03_44_697.jpg,-0.05,0,0,14.03096
/home/workspace/data/IMG/center_2019_06_22_16_03_44_780.jpg,/home/workspace/data/IMG/left_2019_06_22_16_03_44_780.jpg,/home/workspace/data/IMG/right_2019_06_22_16_03_44_780.jpg,-0.25,0,0,13.90115
/home/workspace/data/IMG/center_2019_06_22_16_03_44_859.jpg,/home/workspace/data/IMG/left_2019_06_22_16_03_44_859.jpg,/home/workspace/data/IMG/right_2019_06_22_16_03_44_859.jpg,-0.45,0,0,13.7097
/home/workspace/data/IMG/center_2019_06_22_16_03_44_938.jpg,/home/workspace/data/IMG/left_2019_06_22_16_03_44_938.jpg,/home/workspace/data/IMG/right_2019_06_22_16_03_44_938.jpg,-0.4943462,0,0,13.552
/home/workspace/data/IMG/center_2019_06_22_16_03_45_018.jpg,/home/workspace/data/IMG/left_2019_06_22_16_03_45_018.jpg,/home/workspace/data/IMG/right_2019_06_22_16_03_45_018.jpg,-0.2588489,0,0,13.36922
/home/workspace/data/IMG/center_2019_06_22_16_03_45_094.jpg,/home/workspace/data/IMG/left_2019_06_22_16_03_45_094.jpg,/home/workspace/data/IMG/right_2019_06_22_16_03_45_094.jpg,-0.0301559,0,0,13.26544
/home/workspace/data/IMG/center_2019_06_22_16_03_45_173.jpg,/home/workspace/data/IMG/left_2019_06_22_16_03_45_173.jpg,/home/workspace/data/IMG/right_2019_06_22_16_03_45_173.jpg,0,0,0,13.15415
/home/workspace/data/IMG/center_2019_06_22_16_03_45_250.jpg,/home/workspace/data/IMG/left_2019_06_22_16_03_45_250.jpg,/home/workspace/data/IMG/right_2019_06_22_16_03_45_250.jpg,0,0,0,13.00999
/home/workspace/data/IMG/center_2019_06_22_16_03_45_326.jpg,/home/workspace/data/IMG/left_2019_06_22_16_03_45_326.jpg,/home/workspace/data/IMG/right_2019_06_22_16_03_45_326.jpg,0,0,0,12.90294
/home/workspace/data/IMG/center_2019_06_22_16_03_45_400.jpg,/home/workspace/data/IMG/left_2019_06_22_16_03_45_400.jpg,/home/workspace/data/IMG/right_2019_06_22_16_03_45_400.jpg,0,0,0,13.3015
/home/workspace/data/IMG/center_2019_06_22_16_03_45_480.jpg,/home/workspace/data/IMG/left_2019_06_22_16_03_45_480.jpg,/home/workspace/data/IMG/right_2019_06_22_16_03_45_480.jpg,0,0,0,13.18653
/home/workspace/data/IMG/center_2019_06_22_16_03_45_558.jpg,/home/workspace/data/IMG/left_2019_06_22_16_03_45_558.jpg,/home/workspace/data/IMG/right_2019_06_22_16_03_45_558.jpg,0,0,0,13.13733
/home/workspace/data/IMG/center_2019_06_22_16_03_45_633.jpg,/home/workspace/data/IMG/left_2019_06_22_16_03_45_633.jpg,/home/workspace/data/IMG/right_2019_06_22_16_03_45_633.jpg,0,0,0,12.96841
/home/workspace/data/IMG/center_2019_06_22_16_03_45_708.jpg,/home/workspace/data/IMG/left_2019_06_22_16_03_45_708.jpg,/home/workspace/data/IMG/right_2019_06_22_16_03_45_708.jpg,0,0,0,12.91033
/home/workspace/data/IMG/center_2019_06_22_16_03_45_784.jpg,/home/workspace/data/IMG/left_2019_06_22_16_03_45_784.jpg,/home/workspace/data/IMG/right_2019_06_22_16_03_45_784.jpg,0,0,0,12.79801
/home/workspace/data/IMG/center_2019_06_22_16_03_45_854.jpg,/home/workspace/data/IMG/left_2019_06_22_16_03_45_854.jpg,/home/workspace/data/IMG/right_2019_06_22_16_03_45_854.jpg,0,0,0,12.16249
/home/workspace/data/IMG/center_2019_06_22_16_03_45_929.jpg,/home/workspace/data/IMG/left_2019_06_22_16_03_45_929.jpg,/home/workspace/data/IMG/right_2019_06_22_16_03_45_929.jpg,0,0,0,12.05968
/home/workspace/data/IMG/center_2019_06_22_16_03_46_000.jpg,/home/workspace/data/IMG/left_2019_06_22_16_03_46_000.jpg,/home/workspace/data/IMG/right_2019_06_22_16_03_46_000.jpg,0,0,0,12.53375
/home/workspace/data/IMG/center_2019_06_22_16_03_46_088.jpg,/home/workspace/data/IMG/left_2019_06_22_16_03_46_088.jpg,/home/workspace/data/IMG/right_2019_06_22_16_03_46_088.jpg,0,0,0,11.85704
/home/workspace/data/IMG/center_2019_06_22_16_03_46_168.jpg,/home/workspace/data/IMG/left_2019_06_22_16_03_46_168.jpg,/home/workspace/data/IMG/right_2019_06_22_16_03_46_168.jpg,0,0,0,11.75735
/home/workspace/data/IMG/center_2019_06_22_16_03_46_249.jpg,/home/workspace/data/IMG/left_2019_06_22_16_03_46_249.jpg,/home/workspace/data/IMG/right_2019_06_22_16_03_46_249.jpg,0,0,0,11.6588
/home/workspace/data/IMG/center_2019_06_22_16_03_46_333.jpg,/home/workspace/data/IMG/left_2019_06_22_16_03_46_333.jpg,/home/workspace/data/IMG/right_2019_06_22_16_03_46_333.jpg,0,0,0,11.56234
/home/workspace/data/IMG/center_2019_06_22_16_03_46_413.jpg,/home/workspace/data/IMG/left_2019_06_22_16_03_46_413.jpg,/home/workspace/data/IMG/right_2019_06_22_16_03_46_413.jpg,-0.2,0,0,11.45264
/home/workspace/data/IMG/center_2019_06_22_16_03_46_485.jpg,/home/workspace/data/IMG/left_2019_06_22_16_03_46_485.jpg,/home/workspace/data/IMG/right_2019_06_22_16_03_46_485.jpg,-0.4,0,0,11.31571
/home/workspace/data/IMG/center_2019_06_22_16_03_46_556.jpg,/home/workspace/data/IMG/left_2019_06_22_16_03_46_556.jpg,/home/workspace/data/IMG/right_2019_06_22_16_03_46_556.jpg,-0.5500001,0,0,11.7188
/home/workspace/data/IMG/center_2019_06_22_16_03_46_629.jpg,/home/workspace/data/IMG/left_2019_06_22_16_03_46_629.jpg,/home/workspace/data/IMG/right_2019_06_22_16_03_46_629.jpg,-0.7500002,0,0,11.23894
/home/workspace/data/IMG/center_2019_06_22_16_03_46_701.jpg,/home/workspace/data/IMG/left_2019_06_22_16_03_46_701.jpg,/home/workspace/data/IMG/right_2019_06_22_16_03_46_701.jpg,-0.9000002,0,0,11.21142
/home/workspace/data/IMG/center_2019_06_22_16_03_46_772.jpg,/home/workspace/data/IMG/left_2019_06_22_16_03_46_772.jpg,/home/workspace/data/IMG/right_2019_06_22_16_03_46_772.jpg,-0.8475068,0,0,11.03312
/home/workspace/data/IMG/center_2019_06_22_16_03_46_846.jpg,/home/workspace/data/IMG/left_2019_06_22_16_03_46_846.jpg,/home/workspace/data/IMG/right_2019_06_22_16_03_46_846.jpg,-0.6243219,0,0,10.97269
/home/workspace/data/IMG/center_2019_06_22_16_03_46_920.jpg,/home/workspace/data/IMG/left_2019_06_22_16_03_46_920.jpg,/home/workspace/data/IMG/right_2019_06_22_16_03_46_920.jpg,-0.4024904,0,0,10.92677
/home/workspace/data/IMG/center_2019_06_22_16_03_46_992.jpg,/home/workspace/data/IMG/left_2019_06_22_16_03_46_992.jpg,/home/workspace/data/IMG/right_2019_06_22_16_03_46_992.jpg,-0.1876304,0,0,10.84356
/home/workspace/data/IMG/center_2019_06_22_16_03_47_065.jpg,/home/workspace/data/IMG/left_2019_06_22_16_03_47_065.jpg,/home/workspace/data/IMG/right_2019_06_22_16_03_47_065.jpg,0,0,0,10.73662
/home/workspace/data/IMG/center_2019_06_22_16_03_47_137.jpg,/home/workspace/data/IMG/left_2019_06_22_16_03_47_137.jpg,/home/workspace/data/IMG/right_2019_06_22_16_03_47_137.jpg,0,0,0,10.66689
/home/workspace/data/IMG/center_2019_06_22_16_03_47_208.jpg,/home/workspace/data/IMG/left_2019_06_22_16_03_47_208.jpg,/home/workspace/data/IMG/right_2019_06_22_16_03_47_208.jpg,0,0,0,10.57892
/home/workspace/data/IMG/center_2019_06_22_16_03_47_280.jpg,/home/workspace/data/IMG/left_2019_06_22_16_03_47_280.jpg,/home/workspace/data/IMG/right_2019_06_22_16_03_47_280.jpg,0,0,0,10.51395
/home/workspace/data/IMG/center_2019_06_22_16_03_47_352.jpg,/home/workspace/data/IMG/left_2019_06_22_16_03_47_352.jpg,/home/workspace/data/IMG/right_2019_06_22_16_03_47_352.jpg,0,0,0,10.42785
/home/workspace/data/IMG/center_2019_06_22_16_03_47_424.jpg,/home/workspace/data/IMG/left_2019_06_22_16_03_47_424.jpg,/home/workspace/data/IMG/right_2019_06_22_16_03_47_424.jpg,0,0,0,10.34283
/home/workspace/data/IMG/center_2019_06_22_16_03_47_492.jpg,/home/workspace/data/IMG/left_2019_06_22_16_03_47_492.jpg,/home/workspace/data/IMG/right_2019_06_22_16_03_47_492.jpg,0,0,0,10.27956
/home/workspace/data/IMG/center_2019_06_22_16_03_47_562.jpg,/home/workspace/data/IMG/left_2019_06_22_16_03_47_562.jpg,/home/workspace/data/IMG/right_2019_06_22_16_03_47_562.jpg,0,0,0,10.19578
/home/workspace/data/IMG/center_2019_06_22_16_03_47_649.jpg,/home/workspace/data/IMG/left_2019_06_22_16_03_47_649.jpg,/home/workspace/data/IMG/right_2019_06_22_16_03_47_649.jpg,0,0,0,10.11264
/home/workspace/data/IMG/center_2019_06_22_16_03_47_739.jpg,/home/workspace/data/IMG/left_2019_06_22_16_03_47_739.jpg,/home/workspace/data/IMG/right_2019_06_22_16_03_47_739.jpg,0,0,0,10.03016
/home/workspace/data/IMG/center_2019_06_22_16_03_47_806.jpg,/home/workspace/data/IMG/left_2019_06_22_16_03_47_806.jpg,/home/workspace/data/IMG/right_2019_06_22_16_03_47_806.jpg,0,0,0,9.948331
/home/workspace/data/IMG/center_2019_06_22_16_03_47_876.jpg,/home/workspace/data/IMG/left_2019_06_22_16_03_47_876.jpg,/home/workspace/data/IMG/right_2019_06_22_16_03_47_876.jpg,0,0,0,9.887383
/home/workspace/data/IMG/center_2019_06_22_16_03_47_945.jpg,/home/workspace/data/IMG/left_2019_06_22_16_03_47_945.jpg,/home/workspace/data/IMG/right_2019_06_22_16_03_47_945.jpg,0,0,0,9.806676
/home/workspace/data/IMG/center_2019_06_22_16_03_48_015.jpg,/home/workspace/data/IMG/left_2019_06_22_16_03_48_015.jpg,/home/workspace/data/IMG/right_2019_06_22_16_03_48_015.jpg,0,0,0,9.747241
/home/workspace/data/IMG/center_2019_06_22_16_03_48_081.jpg,/home/workspace/data/IMG/left_2019_06_22_16_03_48_081.jpg,/home/workspace/data/IMG/right_2019_06_22_16_03_48_081.jpg,0,0,0,9.668788
/home/workspace/data/IMG/center_2019_06_22_16_03_48_152.jpg,/home/workspace/data/IMG/left_2019_06_22_16_03_48_152.jpg,/home/workspace/data/IMG/right_2019_06_22_16_03_48_152.jpg,0,0,0,9.610364
/home/workspace/data/IMG/center_2019_06_22_16_03_48_223.jpg,/home/workspace/data/IMG/left_2019_06_22_16_03_48_223.jpg,/home/workspace/data/IMG/right_2019_06_22_16_03_48_223.jpg,0,0,0,9.533013
/home/workspace/data/IMG/center_2019_06_22_16_03_48_295.jpg,/home/workspace/data/IMG/left_2019_06_22_16_03_48_295.jpg,/home/workspace/data/IMG/right_2019_06_22_16_03_48_295.jpg,0,0,0,9.47541
/home/workspace/data/IMG/center_2019_06_22_16_03_48_365.jpg,/home/workspace/data/IMG/left_2019_06_22_16_03_48_365.jpg,/home/workspace/data/IMG/right_2019_06_22_16_03_48_365.jpg,0,0,0,9.399153
/home/workspace/data/IMG/center_2019_06_22_16_03_48_438.jpg,/home/workspace/data/IMG/left_2019_06_22_16_03_48_438.jpg,/home/workspace/data/IMG/right_2019_06_22_16_03_48_438.jpg,0,0,0,9.342366
/home/workspace/data/IMG/center_2019_06_22_16_03_48_509.jpg,/home/workspace/data/IMG/left_2019_06_22_16_03_48_509.jpg,/home/workspace/data/IMG/right_2019_06_22_16_03_48_509.jpg,0,0,0,9.267183
/home/workspace/data/IMG/center_2019_06_22_16_03_48_578.jpg,/home/workspace/data/IMG/left_2019_06_22_16_03_48_578.jpg,/home/workspace/data/IMG/right_2019_06_22_16_03_48_578.jpg,0,0,0,9.211912
/home/workspace/data/IMG/center_2019_06_22_16_03_48_668.jpg,/home/workspace/data/IMG/left_2019_06_22_16_03_48_668.jpg,/home/workspace/data/IMG/right_2019_06_22_16_03_48_668.jpg,0,0,0,9.121084
/home/workspace/data/IMG/center_2019_06_22_16_03_48_735.jpg,/home/workspace/data/IMG/left_2019_06_22_16_03_48_735.jpg,/home/workspace/data/IMG/right_2019_06_22_16_03_48_735.jpg,0,0,0,9.067317
/home/workspace/data/IMG/center_2019_06_22_16_03_48_804.jpg,/home/workspace/data/IMG/left_2019_06_22_16_03_48_804.jpg,/home/workspace/data/IMG/right_2019_06_22_16_03_48_804.jpg,0,0,0,8.996112
/home/workspace/data/IMG/center_2019_06_22_16_03_48_872.jpg,/home/workspace/data/IMG/left_2019_06_22_16_03_48_872.jpg,/home/workspace/data/IMG/right_2019_06_22_16_03_48_872.jpg,0,0,0,8.943069
/home/workspace/data/IMG/center_2019_06_22_16_03_48_960.jpg,/home/workspace/data/IMG/left_2019_06_22_16_03_48_960.jpg,/home/workspace/data/IMG/right_2019_06_22_16_03_48_960.jpg,0,0,0,8.87283
/home/workspace/data/IMG/center_2019_06_22_16_03_49_049.jpg,/home/workspace/data/IMG/left_2019_06_22_16_03_49_049.jpg,/home/workspace/data/IMG/right_2019_06_22_16_03_49_049.jpg,0,0,0,8.785798
/home/workspace/data/IMG/center_2019_06_22_16_03_49_139.jpg,/home/workspace/data/IMG/left_2019_06_22_16_03_49_139.jpg,/home/workspace/data/IMG/right_2019_06_22_16_03_49_139.jpg,0,0,0,8.716787
/home/workspace/data/IMG/center_2019_06_22_16_03_49_207.jpg,/home/workspace/data/IMG/left_2019_06_22_16_03_49_207.jpg,/home/workspace/data/IMG/right_2019_06_22_16_03_49_207.jpg,0,0,0,8.648313
/home/workspace/data/IMG/center_2019_06_22_16_03_49_277.jpg,/home/workspace/data/IMG/left_2019_06_22_16_03_49_277.jpg,/home/workspace/data/IMG/right_2019_06_22_16_03_49_277.jpg,-0.15,0,0,8.591051
/home/workspace/data/IMG/center_2019_06_22_16_03_49_347.jpg,/home/workspace/data/IMG/left_2019_06_22_16_03_49_347.jpg,/home/workspace/data/IMG/right_2019_06_22_16_03_49_347.jpg,-0.35,0,0,8.494059
/home/workspace/data/IMG/center_2019_06_22_16_03_49_415.jpg,/home/workspace/data/IMG/left_2019_06_22_16_03_49_415.jpg,/home/workspace/data/IMG/right_2019_06_22_16_03_49_415.jpg,-0.5000001,0,0,8.40708
/home/workspace/data/IMG/center_2019_06_22_16_03_49_485.jpg,/home/workspace/data/IMG/left_2019_06_22_16_03_49_485.jpg,/home/workspace/data/IMG/right_2019_06_22_16_03_49_485.jpg,-0.7,0,0,8.274517
/home/workspace/data/IMG/center_2019_06_22_16_03_49_573.jpg,/home/workspace/data/IMG/left_2019_06_22_16_03_49_573.jpg,/home/workspace/data/IMG/right_2019_06_22_16_03_49_573.jpg,-0.9000002,0,0,8.122402
/home/workspace/data/IMG/center_2019_06_22_16_03_49_662.jpg,/home/workspace/data/IMG/left_2019_06_22_16_03_49_662.jpg,/home/workspace/data/IMG/right_2019_06_22_16_03_49_662.jpg,-0.9281204,0,0,7.957912
/home/workspace/data/IMG/center_2019_06_22_16_03_49_732.jpg,/home/workspace/data/IMG/left_2019_06_22_16_03_49_732.jpg,/home/workspace/data/IMG/right_2019_06_22_16_03_49_732.jpg,-0.7191556,0,0,7.925173
/home/workspace/data/IMG/center_2019_06_22_16_03_49_800.jpg,/home/workspace/data/IMG/left_2019_06_22_16_03_49_800.jpg,/home/workspace/data/IMG/right_2019_06_22_16_03_49_800.jpg,-0.5146933,0,0,7.897649
/home/workspace/data/IMG/center_2019_06_22_16_03_49_871.jpg,/home/workspace/data/IMG/left_2019_06_22_16_03_49_871.jpg,/home/workspace/data/IMG/right_2019_06_22_16_03_49_871.jpg,-0.3023081,0,0,7.848207
/home/workspace/data/IMG/center_2019_06_22_16_03_49_938.jpg,/home/workspace/data/IMG/left_2019_06_22_16_03_49_938.jpg,/home/workspace/data/IMG/right_2019_06_22_16_03_49_938.jpg,-0.09999442,0,0,7.798878
/home/workspace/data/IMG/center_2019_06_22_16_03_50_027.jpg,/home/workspace/data/IMG/left_2019_06_22_16_03_50_027.jpg,/home/workspace/data/IMG/right_2019_06_22_16_03_50_027.jpg,0,0,0,7.712657
/home/workspace/data/IMG/center_2019_06_22_16_03_50_097.jpg,/home/workspace/data/IMG/left_2019_06_22_16_03_50_097.jpg,/home/workspace/data/IMG/right_2019_06_22_16_03_50_097.jpg,0,0,0,7.667359
/home/workspace/data/IMG/center_2019_06_22_16_03_50_164.jpg,/home/workspace/data/IMG/left_2019_06_22_16_03_50_164.jpg,/home/workspace/data/IMG/right_2019_06_22_16_03_50_164.jpg,0,0,0,7.607943
/home/workspace/data/IMG/center_2019_06_22_16_03_50_249.jpg,/home/workspace/data/IMG/left_2019_06_22_16_03_50_249.jpg,/home/workspace/data/IMG/right_2019_06_22_16_03_50_249.jpg,0,0,0,7.548083
/home/workspace/data/IMG/center_2019_06_22_16_03_50_335.jpg,/home/workspace/data/IMG/left_2019_06_22_16_03_50_335.jpg,/home/workspace/data/IMG/right_2019_06_22_16_03_50_335.jpg,-0.05,0,0,7.487895
/home/workspace/data/IMG/center_2019_06_22_16_03_50_422.jpg,/home/workspace/data/IMG/left_2019_06_22_16_03_50_422.jpg,/home/workspace/data/IMG/right_2019_06_22_16_03_50_422.jpg,-0.3,0,0,7.39136
/home/workspace/data/IMG/center_2019_06_22_16_03_50_509.jpg,/home/workspace/data/IMG/left_2019_06_22_16_03_50_509.jpg,/home/workspace/data/IMG/right_2019_06_22_16_03_50_509.jpg,-0.5000001,0,0,7.292442
/home/workspace/data/IMG/center_2019_06_22_16_03_50_594.jpg,/home/workspace/data/IMG/left_2019_06_22_16_03_50_594.jpg,/home/workspace/data/IMG/right_2019_06_22_16_03_50_594.jpg,-0.7,0,0,7.177646
/home/workspace/data/IMG/center_2019_06_22_16_03_50_661.jpg,/home/workspace/data/IMG/left_2019_06_22_16_03_50_661.jpg,/home/workspace/data/IMG/right_2019_06_22_16_03_50_661.jpg,-0.8500001,0,0,7.080453
/home/workspace/data/IMG/center_2019_06_22_16_03_50_749.jpg,/home/workspace/data/IMG/left_2019_06_22_16_03_50_749.jpg,/home/workspace/data/IMG/right_2019_06_22_16_03_50_749.jpg,-1,0,0,6.913575
/home/workspace/data/IMG/center_2019_06_22_16_03_50_817.jpg,/home/workspace/data/IMG/left_2019_06_22_16_03_50_817.jpg,/home/workspace/data/IMG/right_2019_06_22_16_03_50_817.jpg,-1,0,0,6.845457
/home/workspace/data/IMG/center_2019_06_22_16_03_50_887.jpg,/home/workspace/data/IMG/left_2019_06_22_16_03_50_887.jpg,/home/workspace/data/IMG/right_2019_06_22_16_03_50_887.jpg,-1,0,0,6.766844
/home/workspace/data/IMG/center_2019_06_22_16_03_50_959.jpg,/home/workspace/data/IMG/left_2019_06_22_16_03_50_959.jpg,/home/workspace/data/IMG/right_2019_06_22_16_03_50_959.jpg,-1,0,0,6.710754
/home/workspace/data/IMG/center_2019_06_22_16_03_51_034.jpg,/home/workspace/data/IMG/left_2019_06_22_16_03_51_034.jpg,/home/workspace/data/IMG/right_2019_06_22_16_03_51_034.jpg,-1,0,0,6.635805
/home/workspace/data/IMG/center_2019_06_22_16_03_51_109.jpg,/home/workspace/data/IMG/left_2019_06_22_16_03_51_109.jpg,/home/workspace/data/IMG/right_2019_06_22_16_03_51_109.jpg,-1,0,0,6.560736
/home/workspace/data/IMG/center_2019_06_22_16_03_51_186.jpg,/home/workspace/data/IMG/left_2019_06_22_16_03_51_186.jpg,/home/workspace/data/IMG/right_2019_06_22_16_03_51_186.jpg,-1,0,0,6.485888
/home/workspace/data/IMG/center_2019_06_22_16_03_51_263.jpg,/home/workspace/data/IMG/left_2019_06_22_16_03_51_263.jpg,/home/workspace/data/IMG/right_2019_06_22_16_03_51_263.jpg,-0.8496761,0,0,6.437505
/home/workspace/data/IMG/center_2019_06_22_16_03_51_338.jpg,/home/workspace/data/IMG/left_2019_06_22_16_03_51_338.jpg,/home/workspace/data/IMG/right_2019_06_22_16_03_51_338.jpg,-0.6250093,0,0,6.415694
/home/workspace/data/IMG/center_2019_06_22_16_03_51_411.jpg,/home/workspace/data/IMG/left_2019_06_22_16_03_51_411.jpg,/home/workspace/data/IMG/right_2019_06_22_16_03_51_411.jpg,-0.4044316,0,0,6.3798
/home/workspace/data/IMG/center_2019_06_22_16_03_51_488.jpg,/home/workspace/data/IMG/left_2019_06_22_16_03_51_488.jpg,/home/workspace/data/IMG/right_2019_06_22_16_03_51_488.jpg,-0.1733446,0,0,6.329925
/home/workspace/data/IMG/center_2019_06_22_16_03_51_558.jpg,/home/workspace/data/IMG/left_2019_06_22_16_03_51_558.jpg,/home/workspace/data/IMG/right_2019_06_22_16_03_51_558.jpg,0,0,0,6.285418
/home/workspace/data/IMG/center_2019_06_22_16_03_51_632.jpg,/home/workspace/data/IMG/left_2019_06_22_16_03_51_632.jpg,/home/workspace/data/IMG/right_2019_06_22_16_03_51_632.jpg,0,0,0,6.231895
/home/workspace/data/IMG/center_2019_06_22_16_03_51_709.jpg,/home/workspace/data/IMG/left_2019_06_22_16_03_51_709.jpg,/home/workspace/data/IMG/right_2019_06_22_16_03_51_709.jpg,0,0,0,6.180608
/home/workspace/data/IMG/center_2019_06_22_16_03_51_783.jpg,/home/workspace/data/IMG/left_2019_06_22_16_03_51_783.jpg,/home/workspace/data/IMG/right_2019_06_22_16_03_51_783.jpg,0,0,0,6.131438
/home/workspace/data/IMG/center_2019_06_22_16_03_51_854.jpg,/home/workspace/data/IMG/left_2019_06_22_16_03_51_854.jpg,/home/workspace/data/IMG/right_2019_06_22_16_03_51_854.jpg,0,0,0,6.094804
/home/workspace/data/IMG/center_2019_06_22_16_03_51_930.jpg,/home/workspace/data/IMG/left_2019_06_22_16_03_51_930.jpg,/home/workspace/data/IMG/right_2019_06_22_16_03_51_930.jpg,0,0,0,6.046291
/home/workspace/data/IMG/center_2019_06_22_16_03_52_000.jpg,/home/workspace/data/IMG/left_2019_06_22_16_03_52_000.jpg,/home/workspace/data/IMG/right_2019_06_22_16_03_52_000.jpg,0,0,0,6.010157
/home/workspace/data/IMG/center_2019_06_22_16_03_52_069.jpg,/home/workspace/data/IMG/left_2019_06_22_16_03_52_069.jpg,/home/workspace/data/IMG/right_2019_06_22_16_03_52_069.jpg,0,0,0,5.962309
/home/workspace/data/IMG/center_2019_06_22_16_03_52_137.jpg,/home/workspace/data/IMG/left_2019_06_22_16_03_52_137.jpg,/home/workspace/data/IMG/right_2019_06_22_16_03_52_137.jpg,0,0,0,5.926669
/home/workspace/data/IMG/center_2019_06_22_16_03_52_208.jpg,/home/workspace/data/IMG/left_2019_06_22_16_03_52_208.jpg,/home/workspace/data/IMG/right_2019_06_22_16_03_52_208.jpg,0,0.2155259,0,6.004699
/home/workspace/data/IMG/center_2019_06_22_16_03_52_278.jpg,/home/workspace/data/IMG/left_2019_06_22_16_03_52_278.jpg,/home/workspace/data/IMG/right_2019_06_22_16_03_52_278.jpg,0,0.4227269,0,6.215781
/home/workspace/data/IMG/center_2019_06_22_16_03_52_362.jpg,/home/workspace/data/IMG/left_2019_06_22_16_03_52_362.jpg,/home/workspace/data/IMG/right_2019_06_22_16_03_52_362.jpg,0,0.6741657,0,6.865424
/home/workspace/data/IMG/center_2019_06_22_16_03_52_449.jpg,/home/workspace/data/IMG/left_2019_06_22_16_03_52_449.jpg,/home/workspace/data/IMG/right_2019_06_22_16_03_52_449.jpg,0,0.9360301,0,7.605416
/home/workspace/data/IMG/center_2019_06_22_16_03_52_537.jpg,/home/workspace/data/IMG/left_2019_06_22_16_03_52_537.jpg,/home/workspace/data/IMG/right_2019_06_22_16_03_52_537.jpg,0,1,0,8.506748
/home/workspace/data/IMG/center_2019_06_22_16_03_52_614.jpg,/home/workspace/data/IMG/left_2019_06_22_16_03_52_614.jpg,/home/workspace/data/IMG/right_2019_06_22_16_03_52_614.jpg,0,1,0,9.405577
/home/workspace/data/IMG/center_2019_06_22_16_03_52_691.jpg,/home/workspace/data/IMG/left_2019_06_22_16_03_52_691.jpg,/home/workspace/data/IMG/right_2019_06_22_16_03_52_691.jpg,0,1,0,10.29782
/home/workspace/data/IMG/center_2019_06_22_16_03_52_762.jpg,/home/workspace/data/IMG/left_2019_06_22_16_03_52_762.jpg,/home/workspace/data/IMG/right_2019_06_22_16_03_52_762.jpg,0,0.864562,0,11.11399
/home/workspace/data/IMG/center_2019_06_22_16_03_52_836.jpg,/home/workspace/data/IMG/left_2019_06_22_16_03_52_836.jpg,/home/workspace/data/IMG/right_2019_06_22_16_03_52_836.jpg,0,0.6409144,0,11.42098
/home/workspace/data/IMG/center_2019_06_22_16_03_52_909.jpg,/home/workspace/data/IMG/left_2019_06_22_16_03_52_909.jpg,/home/workspace/data/IMG/right_2019_06_22_16_03_52_909.jpg,0,0.4385915,0,12.09091
/home/workspace/data/IMG/center_2019_06_22_16_03_52_977.jpg,/home/workspace/data/IMG/left_2019_06_22_16_03_52_977.jpg,/home/workspace/data/IMG/right_2019_06_22_16_03_52_977.jpg,0,0.2338388,0,12.29417
/home/workspace/data/IMG/center_2019_06_22_16_03_53_046.jpg,/home/workspace/data/IMG/left_2019_06_22_16_03_53_046.jpg,/home/workspace/data/IMG/right_2019_06_22_16_03_53_046.jpg,0,0.0281949,0,12.0022
/home/workspace/data/IMG/center_2019_06_22_16_03_53_132.jpg,/home/workspace/data/IMG/left_2019_06_22_16_03_53_132.jpg,/home/workspace/data/IMG/right_2019_06_22_16_03_53_132.jpg,-0.15,0,0,12.24307
/home/workspace/data/IMG/center_2019_06_22_16_03_53_198.jpg,/home/workspace/data/IMG/left_2019_06_22_16_03_53_198.jpg,/home/workspace/data/IMG/right_2019_06_22_16_03_53_198.jpg,-0.3,0,0,11.61213
/home/workspace/data/IMG/center_2019_06_22_16_03_53_289.jpg,/home/workspace/data/IMG/left_2019_06_22_16_03_53_289.jpg,/home/workspace/data/IMG/right_2019_06_22_16_03_53_289.jpg,-0.2661417,0,0,11.99198
/home/workspace/data/IMG/center_2019_06_22_16_03_53_359.jpg,/home/workspace/data/IMG/left_2019_06_22_16_03_53_359.jpg,/home/workspace/data/IMG/right_2019_06_22_16_03_53_359.jpg,-0.05844283,0,0,11.39373
/home/workspace/data/IMG/center_2019_06_22_16_03_53_431.jpg,/home/workspace/data/IMG/left_2019_06_22_16_03_53_431.jpg,/home/workspace/data/IMG/right_2019_06_22_16_03_53_431.jpg,0,0,0,11.28232
/home/workspace/data/IMG/center_2019_06_22_16_03_53_500.jpg,/home/workspace/data/IMG/left_2019_06_22_16_03_53_500.jpg,/home/workspace/data/IMG/right_2019_06_22_16_03_53_500.jpg,0,0,0,11.75935
/home/workspace/data/IMG/center_2019_06_22_16_03_53_572.jpg,/home/workspace/data/IMG/left_2019_06_22_16_03_53_572.jpg,/home/workspace/data/IMG/right_2019_06_22_16_03_53_572.jpg,0,0,0,11.45787
/home/workspace/data/IMG/center_2019_06_22_16_03_53_634.jpg,/home/workspace/data/IMG/left_2019_06_22_16_03_53_634.jpg,/home/workspace/data/IMG/right_2019_06_22_16_03_53_634.jpg,0,0,0,11.62294
/home/workspace/data/IMG/center_2019_06_22_16_03_53_714.jpg,/home/workspace/data/IMG/left_2019_06_22_16_03_53_714.jpg,/home/workspace/data/IMG/right_2019_06_22_16_03_53_714.jpg,0,0,0,11.27079
/home/workspace/data/IMG/center_2019_06_22_16_03_53_789.jpg,/home/workspace/data/IMG/left_2019_06_22_16_03_53_789.jpg,/home/workspace/data/IMG/right_2019_06_22_16_03_53_789.jpg,0,0,0,11.21761
/home/workspace/data/IMG/center_2019_06_22_16_03_53_854.jpg,/home/workspace/data/IMG/left_2019_06_22_16_03_53_854.jpg,/home/workspace/data/IMG/right_2019_06_22_16_03_53_854.jpg,0,0,0,11.15204
/home/workspace/data/IMG/center_2019_06_22_16_03_53_928.jpg,/home/workspace/data/IMG/left_2019_06_22_16_03_53_928.jpg,/home/workspace/data/IMG/right_2019_06_22_16_03_53_928.jpg,0,0,0,11.06263
/home/workspace/data/IMG/center_2019_06_22_16_03_54_000.jpg,/home/workspace/data/IMG/left_2019_06_22_16_03_54_000.jpg,/home/workspace/data/IMG/right_2019_06_22_16_03_54_000.jpg,0,0,0,10.99589
/home/workspace/data/IMG/center_2019_06_22_16_03_54_068.jpg,/home/workspace/data/IMG/left_2019_06_22_16_03_54_068.jpg,/home/workspace/data/IMG/right_2019_06_22_16_03_54_068.jpg,-0.05,0,0,10.90699
/home/workspace/data/IMG/center_2019_06_22_16_03_54_136.jpg,/home/workspace/data/IMG/left_2019_06_22_16_03_54_136.jpg,/home/workspace/data/IMG/right_2019_06_22_16_03_54_136.jpg,-0.2,0,0,10.82981
/home/workspace/data/IMG/center_2019_06_22_16_03_54_210.jpg,/home/workspace/data/IMG/left_2019_06_22_16_03_54_210.jpg,/home/workspace/data/IMG/right_2019_06_22_16_03_54_210.jpg,-0.4,0,0,10.69952
/home/workspace/data/IMG/center_2019_06_22_16_03_54_283.jpg,/home/workspace/data/IMG/left_2019_06_22_16_03_54_283.jpg,/home/workspace/data/IMG/right_2019_06_22_16_03_54_283.jpg,-0.6000001,0,0,10.54158
/home/workspace/data/IMG/center_2019_06_22_16_03_54_359.jpg,/home/workspace/data/IMG/left_2019_06_22_16_03_54_359.jpg,/home/workspace/data/IMG/right_2019_06_22_16_03_54_359.jpg,-0.7500002,0,0,10.40695
/home/workspace/data/IMG/center_2019_06_22_16_03_54_433.jpg,/home/workspace/data/IMG/left_2019_06_22_16_03_54_433.jpg,/home/workspace/data/IMG/right_2019_06_22_16_03_54_433.jpg,-0.9500002,0,0,10.20562
/home/workspace/data/IMG/center_2019_06_22_16_03_54_504.jpg,/home/workspace/data/IMG/left_2019_06_22_16_03_54_504.jpg,/home/workspace/data/IMG/right_2019_06_22_16_03_54_504.jpg,-1,0,0,10.02644
/home/workspace/data/IMG/center_2019_06_22_16_03_54_578.jpg,/home/workspace/data/IMG/left_2019_06_22_16_03_54_578.jpg,/home/workspace/data/IMG/right_2019_06_22_16_03_54_578.jpg,-1,0,0,9.930481
/home/workspace/data/IMG/center_2019_06_22_16_03_54_649.jpg,/home/workspace/data/IMG/left_2019_06_22_16_03_54_649.jpg,/home/workspace/data/IMG/right_2019_06_22_16_03_54_649.jpg,-1,0,0,9.820054
/home/workspace/data/IMG/center_2019_06_22_16_03_54_723.jpg,/home/workspace/data/IMG/left_2019_06_22_16_03_54_723.jpg,/home/workspace/data/IMG/right_2019_06_22_16_03_54_723.jpg,-1,0,0,9.717009
/home/workspace/data/IMG/center_2019_06_22_16_03_54_799.jpg,/home/workspace/data/IMG/left_2019_06_22_16_03_54_799.jpg,/home/workspace/data/IMG/right_2019_06_22_16_03_54_799.jpg,-0.9183757,0,0,9.651066
/home/workspace/data/IMG/center_2019_06_22_16_03_54_874.jpg,/home/workspace/data/IMG/left_2019_06_22_16_03_54_874.jpg,/home/workspace/data/IMG/right_2019_06_22_16_03_54_874.jpg,-0.6948547,0,0,9.604795
/home/workspace/data/IMG/center_2019_06_22_16_03_54_950.jpg,/home/workspace/data/IMG/left_2019_06_22_16_03_54_950.jpg,/home/workspace/data/IMG/right_2019_06_22_16_03_54_950.jpg,-0.467761,0,0,9.556451
/home/workspace/data/IMG/center_2019_06_22_16_03_55_021.jpg,/home/workspace/data/IMG/left_2019_06_22_16_03_55_021.jpg,/home/workspace/data/IMG/right_2019_06_22_16_03_55_021.jpg,-0.2545598,0,0,9.506745
/home/workspace/data/IMG/center_2019_06_22_16_03_55_093.jpg,/home/workspace/data/IMG/left_2019_06_22_16_03_55_093.jpg,/home/workspace/data/IMG/right_2019_06_22_16_03_55_093.jpg,-0.03954101,0,0,9.422385
/home/workspace/data/IMG/center_2019_06_22_16_03_55_173.jpg,/home/workspace/data/IMG/left_2019_06_22_16_03_55_173.jpg,/home/workspace/data/IMG/right_2019_06_22_16_03_55_173.jpg,0,0,0,9.337288
/home/workspace/data/IMG/center_2019_06_22_16_03_55_252.jpg,/home/workspace/data/IMG/left_2019_06_22_16_03_55_252.jpg,/home/workspace/data/IMG/right_2019_06_22_16_03_55_252.jpg,0,0,0,9.261379
/home/workspace/data/IMG/center_2019_06_22_16_03_55_328.jpg,/home/workspace/data/IMG/left_2019_06_22_16_03_55_328.jpg,/home/workspace/data/IMG/right_2019_06_22_16_03_55_328.jpg,0,0,0,9.186855
/home/workspace/data/IMG/center_2019_06_22_16_03_55_408.jpg,/home/workspace/data/IMG/left_2019_06_22_16_03_55_408.jpg,/home/workspace/data/IMG/right_2019_06_22_16_03_55_408.jpg,0,0,0,9.113016
/home/workspace/data/IMG/center_2019_06_22_16_03_55_488.jpg,/home/workspace/data/IMG/left_2019_06_22_16_03_55_488.jpg,/home/workspace/data/IMG/right_2019_06_22_16_03_55_488.jpg,0,0,0,9.039781
/home/workspace/data/IMG/center_2019_06_22_16_03_55_570.jpg,/home/workspace/data/IMG/left_2019_06_22_16_03_55_570.jpg,/home/workspace/data/IMG/right_2019_06_22_16_03_55_570.jpg,0,0,0,8.967134
/home/workspace/data/IMG/center_2019_06_22_16_03_55_646.jpg,/home/workspace/data/IMG/left_2019_06_22_16_03_55_646.jpg,/home/workspace/data/IMG/right_2019_06_22_16_03_55_646.jpg,0,0,0,8.895076
/home/workspace/data/IMG/center_2019_06_22_16_03_55_730.jpg,/home/workspace/data/IMG/left_2019_06_22_16_03_55_730.jpg,/home/workspace/data/IMG/right_2019_06_22_16_03_55_730.jpg,0,0,0,8.823595
/home/workspace/data/IMG/center_2019_06_22_16_03_55_807.jpg,/home/workspace/data/IMG/left_2019_06_22_16_03_55_807.jpg,/home/workspace/data/IMG/right_2019_06_22_16_03_55_807.jpg,0,0.0773735,0,8.765679
/home/workspace/data/IMG/center_2019_06_22_16_03_55_897.jpg,/home/workspace/data/IMG/left_2019_06_22_16_03_55_897.jpg,/home/workspace/data/IMG/right_2019_06_22_16_03_55_897.jpg,0,0.3483725,0,8.933196
/home/workspace/data/IMG/center_2019_06_22_16_03_55_988.jpg,/home/workspace/data/IMG/left_2019_06_22_16_03_55_988.jpg,/home/workspace/data/IMG/right_2019_06_22_16_03_55_988.jpg,0,0.6204422,0,9.468441
/home/workspace/data/IMG/center_2019_06_22_16_03_56_069.jpg,/home/workspace/data/IMG/left_2019_06_22_16_03_56_069.jpg,/home/workspace/data/IMG/right_2019_06_22_16_03_56_069.jpg,0,0.8632171,0,10.1304
/home/workspace/data/IMG/center_2019_06_22_16_03_56_153.jpg,/home/workspace/data/IMG/left_2019_06_22_16_03_56_153.jpg,/home/workspace/data/IMG/right_2019_06_22_16_03_56_153.jpg,0,1,0,10.9904
/home/workspace/data/IMG/center_2019_06_22_16_03_56_236.jpg,/home/workspace/data/IMG/left_2019_06_22_16_03_56_236.jpg,/home/workspace/data/IMG/right_2019_06_22_16_03_56_236.jpg,0,1,0,11.99652
/home/workspace/data/IMG/center_2019_06_22_16_03_56_326.jpg,/home/workspace/data/IMG/left_2019_06_22_16_03_56_326.jpg,/home/workspace/data/IMG/right_2019_06_22_16_03_56_326.jpg,0,1,0,12.98318
/home/workspace/data/IMG/center_2019_06_22_16_03_56_409.jpg,/home/workspace/data/IMG/left_2019_06_22_16_03_56_409.jpg,/home/workspace/data/IMG/right_2019_06_22_16_03_56_409.jpg,0,1,0,13.7255
/home/workspace/data/IMG/center_2019_06_22_16_03_56_496.jpg,/home/workspace/data/IMG/left_2019_06_22_16_03_56_496.jpg,/home/workspace/data/IMG/right_2019_06_22_16_03_56_496.jpg,0,0.843178,0,14.44506
/home/workspace/data/IMG/center_2019_06_22_16_03_56_590.jpg,/home/workspace/data/IMG/left_2019_06_22_16_03_56_590.jpg,/home/workspace/data/IMG/right_2019_06_22_16_03_56_590.jpg,0,0.5594618,0,15.4166
/home/workspace/data/IMG/center_2019_06_22_16_03_56_671.jpg,/home/workspace/data/IMG/left_2019_06_22_16_03_56_671.jpg,/home/workspace/data/IMG/right_2019_06_22_16_03_56_671.jpg,0,0.290731,0,15.71393
/home/workspace/data/IMG/center_2019_06_22_16_03_56_771.jpg,/home/workspace/data/IMG/left_2019_06_22_16_03_56_771.jpg,/home/workspace/data/IMG/right_2019_06_22_16_03_56_771.jpg,0,0.01604199,0,15.18826
/home/workspace/data/IMG/center_2019_06_22_16_03_56_851.jpg,/home/workspace/data/IMG/left_2019_06_22_16_03_56_851.jpg,/home/workspace/data/IMG/right_2019_06_22_16_03_56_851.jpg,0,0,0,15.07049
/home/workspace/data/IMG/center_2019_06_22_16_03_56_933.jpg,/home/workspace/data/IMG/left_2019_06_22_16_03_56_933.jpg,/home/workspace/data/IMG/right_2019_06_22_16_03_56_933.jpg,-0.15,0,0,14.95974
/home/workspace/data/IMG/center_2019_06_22_16_03_57_014.jpg,/home/workspace/data/IMG/left_2019_06_22_16_03_57_014.jpg,/home/workspace/data/IMG/right_2019_06_22_16_03_57_014.jpg,-0.35,0,0,14.805
/home/workspace/data/IMG/center_2019_06_22_16_03_57_095.jpg,/home/workspace/data/IMG/left_2019_06_22_16_03_57_095.jpg,/home/workspace/data/IMG/right_2019_06_22_16_03_57_095.jpg,-0.1670372,0,0,14.68979
/home/workspace/data/IMG/center_2019_06_22_16_03_57_167.jpg,/home/workspace/data/IMG/left_2019_06_22_16_03_57_167.jpg,/home/workspace/data/IMG/right_2019_06_22_16_03_57_167.jpg,0,0,0,14.56501
/home/workspace/data/IMG/center_2019_06_22_16_03_57_254.jpg,/home/workspace/data/IMG/left_2019_06_22_16_03_57_254.jpg,/home/workspace/data/IMG/right_2019_06_22_16_03_57_254.jpg,0,0,0,14.44409
/home/workspace/data/IMG/center_2019_06_22_16_03_57_329.jpg,/home/workspace/data/IMG/left_2019_06_22_16_03_57_329.jpg,/home/workspace/data/IMG/right_2019_06_22_16_03_57_329.jpg,0,0,0,14.33844
/home/workspace/data/IMG/center_2019_06_22_16_03_57_415.jpg,/home/workspace/data/IMG/left_2019_06_22_16_03_57_415.jpg,/home/workspace/data/IMG/right_2019_06_22_16_03_57_415.jpg,0,0,0,14.21091
/home/workspace/data/IMG/center_2019_06_22_16_03_57_487.jpg,/home/workspace/data/IMG/left_2019_06_22_16_03_57_487.jpg,/home/workspace/data/IMG/right_2019_06_22_16_03_57_487.jpg,0,0,0,14.08275
/home/workspace/data/IMG/center_2019_06_22_16_03_57_575.jpg,/home/workspace/data/IMG/left_2019_06_22_16_03_57_575.jpg,/home/workspace/data/IMG/right_2019_06_22_16_03_57_575.jpg,0,0,0,13.95452
/home/workspace/data/IMG/center_2019_06_22_16_03_57_655.jpg,/home/workspace/data/IMG/left_2019_06_22_16_03_57_655.jpg,/home/workspace/data/IMG/right_2019_06_22_16_03_57_655.jpg,-0.1,0,0,13.86418
/home/workspace/data/IMG/center_2019_06_22_16_03_57_733.jpg,/home/workspace/data/IMG/left_2019_06_22_16_03_57_733.jpg,/home/workspace/data/IMG/right_2019_06_22_16_03_57_733.jpg,-0.3,0,0,13.69862
/home/workspace/data/IMG/center_2019_06_22_16_03_57_811.jpg,/home/workspace/data/IMG/left_2019_06_22_16_03_57_811.jpg,/home/workspace/data/IMG/right_2019_06_22_16_03_57_811.jpg,-0.5000001,0,0,13.56818
/home/workspace/data/IMG/center_2019_06_22_16_03_57_892.jpg,/home/workspace/data/IMG/left_2019_06_22_16_03_57_892.jpg,/home/workspace/data/IMG/right_2019_06_22_16_03_57_892.jpg,-0.7,0,0,13.3333
/home/workspace/data/IMG/center_2019_06_22_16_03_57_968.jpg,/home/workspace/data/IMG/left_2019_06_22_16_03_57_968.jpg,/home/workspace/data/IMG/right_2019_06_22_16_03_57_968.jpg,-0.8500001,0,0,13.56655
/home/workspace/data/IMG/center_2019_06_22_16_03_58_047.jpg,/home/workspace/data/IMG/left_2019_06_22_16_03_58_047.jpg,/home/workspace/data/IMG/right_2019_06_22_16_03_58_047.jpg,-1,0,0,13.29067
/home/workspace/data/IMG/center_2019_06_22_16_03_58_124.jpg,/home/workspace/data/IMG/left_2019_06_22_16_03_58_124.jpg,/home/workspace/data/IMG/right_2019_06_22_16_03_58_124.jpg,-1,0,0,13.15026
/home/workspace/data/IMG/center_2019_06_22_16_03_58_198.jpg,/home/workspace/data/IMG/left_2019_06_22_16_03_58_198.jpg,/home/workspace/data/IMG/right_2019_06_22_16_03_58_198.jpg,-1,0,0,12.99494
/home/workspace/data/IMG/center_2019_06_22_16_03_58_277.jpg,/home/workspace/data/IMG/left_2019_06_22_16_03_58_277.jpg,/home/workspace/data/IMG/right_2019_06_22_16_03_58_277.jpg,-1,0,0,12.85811
/home/workspace/data/IMG/center_2019_06_22_16_03_58_350.jpg,/home/workspace/data/IMG/left_2019_06_22_16_03_58_350.jpg,/home/workspace/data/IMG/right_2019_06_22_16_03_58_350.jpg,-1,0,0,12.71325
/home/workspace/data/IMG/center_2019_06_22_16_03_58_421.jpg,/home/workspace/data/IMG/left_2019_06_22_16_03_58_421.jpg,/home/workspace/data/IMG/right_2019_06_22_16_03_58_421.jpg,-0.8564353,0,0,12.13098
/home/workspace/data/IMG/center_2019_06_22_16_03_58_496.jpg,/home/workspace/data/IMG/left_2019_06_22_16_03_58_496.jpg,/home/workspace/data/IMG/right_2019_06_22_16_03_58_496.jpg,-0.6303129,0,0,12.08252
/home/workspace/data/IMG/center_2019_06_22_16_03_58_572.jpg,/home/workspace/data/IMG/left_2019_06_22_16_03_58_572.jpg,/home/workspace/data/IMG/right_2019_06_22_16_03_58_572.jpg,-0.4051032,0,0,12.00545
/home/workspace/data/IMG/center_2019_06_22_16_03_58_642.jpg,/home/workspace/data/IMG/left_2019_06_22_16_03_58_642.jpg,/home/workspace/data/IMG/right_2019_06_22_16_03_58_642.jpg,-0.1925714,0,0,12.45047
/home/workspace/data/IMG/center_2019_06_22_16_03_58_710.jpg,/home/workspace/data/IMG/left_2019_06_22_16_03_58_710.jpg,/home/workspace/data/IMG/right_2019_06_22_16_03_58_710.jpg,0.007428593,0,0,12.32375
/home/workspace/data/IMG/center_2019_06_22_16_03_58_781.jpg,/home/workspace/data/IMG/left_2019_06_22_16_03_58_781.jpg,/home/workspace/data/IMG/right_2019_06_22_16_03_58_781.jpg,0.1574286,0,0,11.70722
/home/workspace/data/IMG/center_2019_06_22_16_03_58_856.jpg,/home/workspace/data/IMG/left_2019_06_22_16_03_58_856.jpg,/home/workspace/data/IMG/right_2019_06_22_16_03_58_856.jpg,0.3574286,0,0,11.49832
/home/workspace/data/IMG/center_2019_06_22_16_03_58_931.jpg,/home/workspace/data/IMG/left_2019_06_22_16_03_58_931.jpg,/home/workspace/data/IMG/right_2019_06_22_16_03_58_931.jpg,0.5574287,0,0,11.31876
/home/workspace/data/IMG/center_2019_06_22_16_03_59_002.jpg,/home/workspace/data/IMG/left_2019_06_22_16_03_59_002.jpg,/home/workspace/data/IMG/right_2019_06_22_16_03_59_002.jpg,0.7074287,0,0,11.50003
/home/workspace/data/IMG/center_2019_06_22_16_03_59_071.jpg,/home/workspace/data/IMG/left_2019_06_22_16_03_59_071.jpg,/home/workspace/data/IMG/right_2019_06_22_16_03_59_071.jpg,0.9074287,0,0,11.28682
/home/workspace/data/IMG/center_2019_06_22_16_03_59_147.jpg,/home/workspace/data/IMG/left_2019_06_22_16_03_59_147.jpg,/home/workspace/data/IMG/right_2019_06_22_16_03_59_147.jpg,1,0,0,11.06983
/home/workspace/data/IMG/center_2019_06_22_16_03_59_223.jpg,/home/workspace/data/IMG/left_2019_06_22_16_03_59_223.jpg,/home/workspace/data/IMG/right_2019_06_22_16_03_59_223.jpg,1,0,0,10.92156
/home/workspace/data/IMG/center_2019_06_22_16_03_59_304.jpg,/home/workspace/data/IMG/left_2019_06_22_16_03_59_304.jpg,/home/workspace/data/IMG/right_2019_06_22_16_03_59_304.jpg,1,0,0,10.80038
/home/workspace/data/IMG/center_2019_06_22_16_03_59_388.jpg,/home/workspace/data/IMG/left_2019_06_22_16_03_59_388.jpg,/home/workspace/data/IMG/right_2019_06_22_16_03_59_388.jpg,1,0,0,10.68958
/home/workspace/data/IMG/center_2019_06_22_16_03_59_469.jpg,/home/workspace/data/IMG/left_2019_06_22_16_03_59_469.jpg,/home/workspace/data/IMG/right_2019_06_22_16_03_59_469.jpg,1,0,0,10.58407
/home/workspace/data/IMG/center_2019_06_22_16_03_59_548.jpg,/home/workspace/data/IMG/left_2019_06_22_16_03_59_548.jpg,/home/workspace/data/IMG/right_2019_06_22_16_03_59_548.jpg,1,0,0,10.48241
/home/workspace/data/IMG/center_2019_06_22_16_03_59_624.jpg,/home/workspace/data/IMG/left_2019_06_22_16_03_59_624.jpg,/home/workspace/data/IMG/right_2019_06_22_16_03_59_624.jpg,1,0,0,10.38412
/home/workspace/data/IMG/center_2019_06_22_16_03_59_703.jpg,/home/workspace/data/IMG/left_2019_06_22_16_03_59_703.jpg,/home/workspace/data/IMG/right_2019_06_22_16_03_59_703.jpg,0.8389301,0,0,10.32261
/home/workspace/data/IMG/center_2019_06_22_16_03_59_781.jpg,/home/workspace/data/IMG/left_2019_06_22_16_03_59_781.jpg,/home/workspace/data/IMG/right_2019_06_22_16_03_59_781.jpg,0.9889301,0,0,10.24651
/home/workspace/data/IMG/center_2019_06_22_16_03_59_864.jpg,/home/workspace/data/IMG/left_2019_06_22_16_03_59_864.jpg,/home/workspace/data/IMG/right_2019_06_22_16_03_59_864.jpg,0.9081697,0,0,10.12822
/home/workspace/data/IMG/center_2019_06_22_16_03_59_949.jpg,/home/workspace/data/IMG/left_2019_06_22_16_03_59_949.jpg,/home/workspace/data/IMG/right_2019_06_22_16_03_59_949.jpg,0.6544299,0,0,10.08963
/home/workspace/data/IMG/center_2019_06_22_16_04_00_038.jpg,/home/workspace/data/IMG/left_2019_06_22_16_04_00_038.jpg,/home/workspace/data/IMG/right_2019_06_22_16_04_00_038.jpg,0.3874986,0,0,10.03885
/home/workspace/data/IMG/center_2019_06_22_16_04_00_111.jpg,/home/workspace/data/IMG/left_2019_06_22_16_04_00_111.jpg,/home/workspace/data/IMG/right_2019_06_22_16_04_00_111.jpg,0.1681841,0,0,9.967854
/home/workspace/data/IMG/center_2019_06_22_16_04_00_190.jpg,/home/workspace/data/IMG/left_2019_06_22_16_04_00_190.jpg,/home/workspace/data/IMG/right_2019_06_22_16_04_00_190.jpg,0,0,0,9.872359
/home/workspace/data/IMG/center_2019_06_22_16_04_00_277.jpg,/home/workspace/data/IMG/left_2019_06_22_16_04_00_277.jpg,/home/workspace/data/IMG/right_2019_06_22_16_04_00_277.jpg,0,0,0,9.794831
/home/workspace/data/IMG/center_2019_06_22_16_04_00_360.jpg,/home/workspace/data/IMG/left_2019_06_22_16_04_00_360.jpg,/home/workspace/data/IMG/right_2019_06_22_16_04_00_360.jpg,0,0,0,9.719871
/home/workspace/data/IMG/center_2019_06_22_16_04_00_445.jpg,/home/workspace/data/IMG/left_2019_06_22_16_04_00_445.jpg,/home/workspace/data/IMG/right_2019_06_22_16_04_00_445.jpg,0,0,0,9.626299
/home/workspace/data/IMG/center_2019_06_22_16_04_00_526.jpg,/home/workspace/data/IMG/left_2019_06_22_16_04_00_526.jpg,/home/workspace/data/IMG/right_2019_06_22_16_04_00_526.jpg,0,0,0,9.552176
/home/workspace/data/IMG/center_2019_06_22_16_04_00_607.jpg,/home/workspace/data/IMG/left_2019_06_22_16_04_00_607.jpg,/home/workspace/data/IMG/right_2019_06_22_16_04_00_607.jpg,-0.05,0,0,9.478053
/home/workspace/data/IMG/center_2019_06_22_16_04_00_683.jpg,/home/workspace/data/IMG/left_2019_06_22_16_04_00_683.jpg,/home/workspace/data/IMG/right_2019_06_22_16_04_00_683.jpg,-0.25,0,0,9.386576
/home/workspace/data/IMG/center_2019_06_22_16_04_00_759.jpg,/home/workspace/data/IMG/left_2019_06_22_16_04_00_759.jpg,/home/workspace/data/IMG/right_2019_06_22_16_04_00_759.jpg,-0.4,0,0,9.299951
/home/workspace/data/IMG/center_2019_06_22_16_04_00_849.jpg,/home/workspace/data/IMG/left_2019_06_22_16_04_00_849.jpg,/home/workspace/data/IMG/right_2019_06_22_16_04_00_849.jpg,-0.6250191,0,0,9.127129
/home/workspace/data/IMG/center_2019_06_22_16_04_00_933.jpg,/home/workspace/data/IMG/left_2019_06_22_16_04_00_933.jpg,/home/workspace/data/IMG/right_2019_06_22_16_04_00_933.jpg,-0.3717563,0,0,9.060276
/home/workspace/data/IMG/center_2019_06_22_16_04_01_022.jpg,/home/workspace/data/IMG/left_2019_06_22_16_04_01_022.jpg,/home/workspace/data/IMG/right_2019_06_22_16_04_01_022.jpg,-0.1078105,0,0,8.974189
/home/workspace/data/IMG/center_2019_06_22_16_04_01_107.jpg,/home/workspace/data/IMG/left_2019_06_22_16_04_01_107.jpg,/home/workspace/data/IMG/right_2019_06_22_16_04_01_107.jpg,0,0,0,8.895749
/home/workspace/data/IMG/center_2019_06_22_16_04_01_187.jpg,/home/workspace/data/IMG/left_2019_06_22_16_04_01_187.jpg,/home/workspace/data/IMG/right_2019_06_22_16_04_01_187.jpg,0,0,0,8.825504
/home/workspace/data/IMG/center_2019_06_22_16_04_01_267.jpg,/home/workspace/data/IMG/left_2019_06_22_16_04_01_267.jpg,/home/workspace/data/IMG/right_2019_06_22_16_04_01_267.jpg,0,0,0,8.756599
/home/workspace/data/IMG/center_2019_06_22_16_04_01_350.jpg,/home/workspace/data/IMG/left_2019_06_22_16_04_01_350.jpg,/home/workspace/data/IMG/right_2019_06_22_16_04_01_350.jpg,0,0,0,8.688302
/home/workspace/data/IMG/center_2019_06_22_16_04_01_434.jpg,/home/workspace/data/IMG/left_2019_06_22_16_04_01_434.jpg,/home/workspace/data/IMG/right_2019_06_22_16_04_01_434.jpg,-0.006594658,0,0,8.61808
/home/workspace/data/IMG/center_2019_06_22_16_04_01_520.jpg,/home/workspace/data/IMG/left_2019_06_22_16_04_01_520.jpg,/home/workspace/data/IMG/right_2019_06_22_16_04_01_520.jpg,0,0,0,8.550767
/home/workspace/data/IMG/center_2019_06_22_16_04_01_602.jpg,/home/workspace/data/IMG/left_2019_06_22_16_04_01_602.jpg,/home/workspace/data/IMG/right_2019_06_22_16_04_01_602.jpg,0,0,0,8.467513
/home/workspace/data/IMG/center_2019_06_22_16_04_01_688.jpg,/home/workspace/data/IMG/left_2019_06_22_16_04_01_688.jpg,/home/workspace/data/IMG/right_2019_06_22_16_04_01_688.jpg,0,0,0,8.401511
/home/workspace/data/IMG/center_2019_06_22_16_04_01_773.jpg,/home/workspace/data/IMG/left_2019_06_22_16_04_01_773.jpg,/home/workspace/data/IMG/right_2019_06_22_16_04_01_773.jpg,0,0.1795528,0,8.41043
/home/workspace/data/IMG/center_2019_06_22_16_04_01_858.jpg,/home/workspace/data/IMG/left_2019_06_22_16_04_01_858.jpg,/home/workspace/data/IMG/right_2019_06_22_16_04_01_858.jpg,0,0.4319336,0,8.660299
/home/workspace/data/IMG/center_2019_06_22_16_04_01_944.jpg,/home/workspace/data/IMG/left_2019_06_22_16_04_01_944.jpg,/home/workspace/data/IMG/right_2019_06_22_16_04_01_944.jpg,0,0.6911759,0,9.302855
/home/workspace/data/IMG/center_2019_06_22_16_04_02_030.jpg,/home/workspace/data/IMG/left_2019_06_22_16_04_02_030.jpg,/home/workspace/data/IMG/right_2019_06_22_16_04_02_030.jpg,0,0.9495478,0,10.05094
/home/workspace/data/IMG/center_2019_06_22_16_04_02_105.jpg,/home/workspace/data/IMG/left_2019_06_22_16_04_02_105.jpg,/home/workspace/data/IMG/right_2019_06_22_16_04_02_105.jpg,0,1,0,10.93493
/home/workspace/data/IMG/center_2019_06_22_16_04_02_176.jpg,/home/workspace/data/IMG/left_2019_06_22_16_04_02_176.jpg,/home/workspace/data/IMG/right_2019_06_22_16_04_02_176.jpg,0,1,0,11.69462
/home/workspace/data/IMG/center_2019_06_22_16_04_02_256.jpg,/home/workspace/data/IMG/left_2019_06_22_16_04_02_256.jpg,/home/workspace/data/IMG/right_2019_06_22_16_04_02_256.jpg,0,1,0,12.50796
/home/workspace/data/IMG/center_2019_06_22_16_04_02_331.jpg,/home/workspace/data/IMG/left_2019_06_22_16_04_02_331.jpg,/home/workspace/data/IMG/right_2019_06_22_16_04_02_331.jpg,0,1,0,13.22819
/home/workspace/data/IMG/center_2019_06_22_16_04_02_407.jpg,/home/workspace/data/IMG/left_2019_06_22_16_04_02_407.jpg,/home/workspace/data/IMG/right_2019_06_22_16_04_02_407.jpg,0,1,0,14.23183
/home/workspace/data/IMG/center_2019_06_22_16_04_02_480.jpg,/home/workspace/data/IMG/left_2019_06_22_16_04_02_480.jpg,/home/workspace/data/IMG/right_2019_06_22_16_04_02_480.jpg,0,1,0,14.76025
/home/workspace/data/IMG/center_2019_06_22_16_04_02_558.jpg,/home/workspace/data/IMG/left_2019_06_22_16_04_02_558.jpg,/home/workspace/data/IMG/right_2019_06_22_16_04_02_558.jpg,0,1,0,15.63606
/home/workspace/data/IMG/center_2019_06_22_16_04_02_638.jpg,/home/workspace/data/IMG/left_2019_06_22_16_04_02_638.jpg,/home/workspace/data/IMG/right_2019_06_22_16_04_02_638.jpg,0,0.7602935,0,16.38838
/home/workspace/data/IMG/center_2019_06_22_16_04_02_719.jpg,/home/workspace/data/IMG/left_2019_06_22_16_04_02_719.jpg,/home/workspace/data/IMG/right_2019_06_22_16_04_02_719.jpg,0,0.5182173,0,16.87851
/home/workspace/data/IMG/center_2019_06_22_16_04_02_802.jpg,/home/workspace/data/IMG/left_2019_06_22_16_04_02_802.jpg,/home/workspace/data/IMG/right_2019_06_22_16_04_02_802.jpg,0,0.2712903,0,17.22521
/home/workspace/data/IMG/center_2019_06_22_16_04_02_886.jpg,/home/workspace/data/IMG/left_2019_06_22_16_04_02_886.jpg,/home/workspace/data/IMG/right_2019_06_22_16_04_02_886.jpg,-0.15,0.01922488,0,17.19616
/home/workspace/data/IMG/center_2019_06_22_16_04_02_966.jpg,/home/workspace/data/IMG/left_2019_06_22_16_04_02_966.jpg,/home/workspace/data/IMG/right_2019_06_22_16_04_02_966.jpg,-0.35,0,0,17.00783
/home/workspace/data/IMG/center_2019_06_22_16_04_03_053.jpg,/home/workspace/data/IMG/left_2019_06_22_16_04_03_053.jpg,/home/workspace/data/IMG/right_2019_06_22_16_04_03_053.jpg,-0.3275464,0,0,16.82716
/home/workspace/data/IMG/center_2019_06_22_16_04_03_124.jpg,/home/workspace/data/IMG/left_2019_06_22_16_04_03_124.jpg,/home/workspace/data/IMG/right_2019_06_22_16_04_03_124.jpg,-0.09306335,0,0,16.67833
/home/workspace/data/IMG/center_2019_06_22_16_04_03_200.jpg,/home/workspace/data/IMG/left_2019_06_22_16_04_03_200.jpg,/home/workspace/data/IMG/right_2019_06_22_16_04_03_200.jpg,0,0,0,16.49552
/home/workspace/data/IMG/center_2019_06_22_16_04_03_277.jpg,/home/workspace/data/IMG/left_2019_06_22_16_04_03_277.jpg,/home/workspace/data/IMG/right_2019_06_22_16_04_03_277.jpg,0,0,0,16.3748
/home/workspace/data/IMG/center_2019_06_22_16_04_03_361.jpg,/home/workspace/data/IMG/left_2019_06_22_16_04_03_361.jpg,/home/workspace/data/IMG/right_2019_06_22_16_04_03_361.jpg,0,0,0,16.24285
/home/workspace/data/IMG/center_2019_06_22_16_04_03_442.jpg,/home/workspace/data/IMG/left_2019_06_22_16_04_03_442.jpg,/home/workspace/data/IMG/right_2019_06_22_16_04_03_442.jpg,0,0,0,16.07891
/home/workspace/data/IMG/center_2019_06_22_16_04_03_521.jpg,/home/workspace/data/IMG/left_2019_06_22_16_04_03_521.jpg,/home/workspace/data/IMG/right_2019_06_22_16_04_03_521.jpg,0,0,0,15.9795
/home/workspace/data/IMG/center_2019_06_22_16_04_03_604.jpg,/home/workspace/data/IMG/left_2019_06_22_16_04_03_604.jpg,/home/workspace/data/IMG/right_2019_06_22_16_04_03_604.jpg,0,0,0,15.81682
/home/workspace/data/IMG/center_2019_06_22_16_04_03_689.jpg,/home/workspace/data/IMG/left_2019_06_22_16_04_03_689.jpg,/home/workspace/data/IMG/right_2019_06_22_16_04_03_689.jpg,0,0,0,15.68741
/home/workspace/data/IMG/center_2019_06_22_16_04_03_767.jpg,/home/workspace/data/IMG/left_2019_06_22_16_04_03_767.jpg,/home/workspace/data/IMG/right_2019_06_22_16_04_03_767.jpg,0,0,0,15.55873
/home/workspace/data/IMG/center_2019_06_22_16_04_03_863.jpg,/home/workspace/data/IMG/left_2019_06_22_16_04_03_863.jpg,/home/workspace/data/IMG/right_2019_06_22_16_04_03_863.jpg,0,0,0,15.43123
/home/workspace/data/IMG/center_2019_06_22_16_04_03_948.jpg,/home/workspace/data/IMG/left_2019_06_22_16_04_03_948.jpg,/home/workspace/data/IMG/right_2019_06_22_16_04_03_948.jpg,0,0,0,15.3047
/home/workspace/data/IMG/center_2019_06_22_16_04_04_037.jpg,/home/workspace/data/IMG/left_2019_06_22_16_04_04_037.jpg,/home/workspace/data/IMG/right_2019_06_22_16_04_04_037.jpg,0,0,0,15.14766
/home/workspace/data/IMG/center_2019_06_22_16_04_04_128.jpg,/home/workspace/data/IMG/left_2019_06_22_16_04_04_128.jpg,/home/workspace/data/IMG/right_2019_06_22_16_04_04_128.jpg,0,0,0,15.02343
/home/workspace/data/IMG/center_2019_06_22_16_04_04_207.jpg,/home/workspace/data/IMG/left_2019_06_22_16_04_04_207.jpg,/home/workspace/data/IMG/right_2019_06_22_16_04_04_207.jpg,0,0,0,14.90023
/home/workspace/data/IMG/center_2019_06_22_16_04_04_298.jpg,/home/workspace/data/IMG/left_2019_06_22_16_04_04_298.jpg,/home/workspace/data/IMG/right_2019_06_22_16_04_04_298.jpg,0,0,0,14.74773
/home/workspace/data/IMG/center_2019_06_22_16_04_04_395.jpg,/home/workspace/data/IMG/left_2019_06_22_16_04_04_395.jpg,/home/workspace/data/IMG/right_2019_06_22_16_04_04_395.jpg,0,0,0,14.59578
/home/workspace/data/IMG/center_2019_06_22_16_04_04_489.jpg,/home/workspace/data/IMG/left_2019_06_22_16_04_04_489.jpg,/home/workspace/data/IMG/right_2019_06_22_16_04_04_489.jpg,0,0,0,14.44594
/home/workspace/data/IMG/center_2019_06_22_16_04_04_571.jpg,/home/workspace/data/IMG/left_2019_06_22_16_04_04_571.jpg,/home/workspace/data/IMG/right_2019_06_22_16_04_04_571.jpg,0,0,0,14.32695
/home/workspace/data/IMG/center_2019_06_22_16_04_04_647.jpg,/home/workspace/data/IMG/left_2019_06_22_16_04_04_647.jpg,/home/workspace/data/IMG/right_2019_06_22_16_04_04_647.jpg,0,0,0,14.23817
/home/workspace/data/IMG/center_2019_06_22_16_04_04_722.jpg,/home/workspace/data/IMG/left_2019_06_22_16_04_04_722.jpg,/home/workspace/data/IMG/right_2019_06_22_16_04_04_722.jpg,0,0,0,14.12085
/home/workspace/data/IMG/center_2019_06_22_16_04_04_800.jpg,/home/workspace/data/IMG/left_2019_06_22_16_04_04_800.jpg,/home/workspace/data/IMG/right_2019_06_22_16_04_04_800.jpg,0,0,0,14.00432
/home/workspace/data/IMG/center_2019_06_22_16_04_04_883.jpg,/home/workspace/data/IMG/left_2019_06_22_16_04_04_883.jpg,/home/workspace/data/IMG/right_2019_06_22_16_04_04_883.jpg,0,0,0,13.88903
/home/workspace/data/IMG/center_2019_06_22_16_04_04_968.jpg,/home/workspace/data/IMG/left_2019_06_22_16_04_04_968.jpg,/home/workspace/data/IMG/right_2019_06_22_16_04_04_968.jpg,0,0,0,13.77454
/home/workspace/data/IMG/center_2019_06_22_16_04_05_051.jpg,/home/workspace/data/IMG/left_2019_06_22_16_04_05_051.jpg,/home/workspace/data/IMG/right_2019_06_22_16_04_05_051.jpg,0,0,0,13.63284
/home/workspace/data/IMG/center_2019_06_22_16_04_05_133.jpg,/home/workspace/data/IMG/left_2019_06_22_16_04_05_133.jpg,/home/workspace/data/IMG/right_2019_06_22_16_04_05_133.jpg,0,0,0,13.52044
/home/workspace/data/IMG/center_2019_06_22_16_04_05_215.jpg,/home/workspace/data/IMG/left_2019_06_22_16_04_05_215.jpg,/home/workspace/data/IMG/right_2019_06_22_16_04_05_215.jpg,0,0,0,13.40892
/home/workspace/data/IMG/center_2019_06_22_16_04_05_295.jpg,/home/workspace/data/IMG/left_2019_06_22_16_04_05_295.jpg,/home/workspace/data/IMG/right_2019_06_22_16_04_05_295.jpg,0,0,0,13.29833
/home/workspace/data/IMG/center_2019_06_22_16_04_05_377.jpg,/home/workspace/data/IMG/left_2019_06_22_16_04_05_377.jpg,/home/workspace/data/IMG/right_2019_06_22_16_04_05_377.jpg,0,0,0,13.18846
/home/workspace/data/IMG/center_2019_06_22_16_04_05_458.jpg,/home/workspace/data/IMG/left_2019_06_22_16_04_05_458.jpg,/home/workspace/data/IMG/right_2019_06_22_16_04_05_458.jpg,0,0,0,13.07934
/home/workspace/data/IMG/center_2019_06_22_16_04_05_539.jpg,/home/workspace/data/IMG/left_2019_06_22_16_04_05_539.jpg,/home/workspace/data/IMG/right_2019_06_22_16_04_05_539.jpg,0,0,0,12.97101
/home/workspace/data/IMG/center_2019_06_22_16_04_05_618.jpg,/home/workspace/data/IMG/left_2019_06_22_16_04_05_618.jpg,/home/workspace/data/IMG/right_2019_06_22_16_04_05_618.jpg,0,0,0,12.86376
/home/workspace/data/IMG/center_2019_06_22_16_04_05_707.jpg,/home/workspace/data/IMG/left_2019_06_22_16_04_05_707.jpg,/home/workspace/data/IMG/right_2019_06_22_16_04_05_707.jpg,0.2,0,0,12.74368
/home/workspace/data/IMG/center_2019_06_22_16_04_05_794.jpg,/home/workspace/data/IMG/left_2019_06_22_16_04_05_794.jpg,/home/workspace/data/IMG/right_2019_06_22_16_04_05_794.jpg,0.1700542,0,0,12.60935
/home/workspace/data/IMG/center_2019_06_22_16_04_05_882.jpg,/home/workspace/data/IMG/left_2019_06_22_16_04_05_882.jpg,/home/workspace/data/IMG/right_2019_06_22_16_04_05_882.jpg,0,0,0,12.52878
/home/workspace/data/IMG/center_2019_06_22_16_04_05_962.jpg,/home/workspace/data/IMG/left_2019_06_22_16_04_05_962.jpg,/home/workspace/data/IMG/right_2019_06_22_16_04_05_962.jpg,0,0,0,12.41172
/home/workspace/data/IMG/center_2019_06_22_16_04_06_041.jpg,/home/workspace/data/IMG/left_2019_06_22_16_04_06_041.jpg,/home/workspace/data/IMG/right_2019_06_22_16_04_06_041.jpg,0,0,0,12.31944
/home/workspace/data/IMG/center_2019_06_22_16_04_06_116.jpg,/home/workspace/data/IMG/left_2019_06_22_16_04_06_116.jpg,/home/workspace/data/IMG/right_2019_06_22_16_04_06_116.jpg,0,0,0,12.0829
/home/workspace/data/IMG/center_2019_06_22_16_04_06_290.jpg,/home/workspace/data/IMG/left_2019_06_22_16_04_06_290.jpg,/home/workspace/data/IMG/right_2019_06_22_16_04_06_290.jpg,0,0,0,10.90288
